subscription_id,customer_id,plan_id,start_date,end_date,status,mrr_amount,end_date_filled,duration_days,plan_name,tier
1,1,1,2024-11-08,2025-05-01,churned,49,2025-05-01,174,Starter,1
2,2,2,2024-02-03,,active,199,2026-06-30,878,Pro,2
3,3,1,2024-10-17,2025-05-01,churned,49,2025-05-01,196,Starter,1
4,4,2,2025-10-18,,active,199,2026-06-30,255,Pro,2
5,5,2,2026-02-01,,active,199,2026-06-30,149,Pro,2
6,6,1,2025-10-05,,active,49,2026-06-30,268,Starter,1
7,7,1,2025-07-04,2025-07-01,churned,49,2025-07-01,0,Starter,1
8,8,1,2026-04-24,,active,49,2026-06-30,67,Starter,1
9,9,2,2024-11-18,2025-03-01,churned,199,2025-03-01,103,Pro,2
10,10,2,2026-06-19,,active,199,2026-06-30,11,Pro,2
11,11,3,2026-01-10,,active,799,2026-06-30,171,Enterprise,3
12,12,3,2026-06-09,,active,799,2026-06-30,21,Enterprise,3
13,13,1,2025-06-07,,active,49,2026-06-30,388,Starter,1
14,14,2,2024-10-20,2025-05-01,upgraded,199,2025-05-01,193,Pro,2
15,14,3,2025-05-01,,active,799,2026-06-30,425,Enterprise,3
16,15,1,2025-05-13,2025-12-01,churned,49,2025-12-01,202,Starter,1
17,16,2,2026-02-22,,active,199,2026-06-30,128,Pro,2
18,17,2,2025-11-02,,active,199,2026-06-30,240,Pro,2
19,18,1,2026-06-23,,active,49,2026-06-30,7,Starter,1
20,19,1,2026-03-15,2026-05-01,churned,49,2026-05-01,47,Starter,1
21,20,2,2026-04-09,,active,199,2026-06-30,82,Pro,2
22,21,3,2025-02-08,,active,799,2026-06-30,507,Enterprise,3
23,22,2,2026-02-02,,active,199,2026-06-30,148,Pro,2
24,23,1,2025-11-14,2025-11-01,churned,49,2025-11-01,0,Starter,1
25,24,2,2026-03-17,2026-06-01,churned,199,2026-06-01,76,Pro,2
26,25,2,2025-12-24,,active,199,2026-06-30,188,Pro,2
27,26,2,2023-09-21,2026-04-01,upgraded,199,2026-04-01,923,Pro,2
28,26,3,2026-04-01,,active,799,2026-06-30,90,Enterprise,3
29,27,2,2026-02-24,,active,199,2026-06-30,126,Pro,2
30,28,3,2025-01-17,2025-03-01,churned,799,2025-03-01,43,Enterprise,3
31,29,1,2024-11-17,2026-06-01,churned,49,2026-06-01,561,Starter,1
32,30,3,2025-04-25,,active,799,2026-06-30,431,Enterprise,3
33,31,1,2024-11-01,2025-04-01,churned,49,2025-04-01,151,Starter,1
34,32,2,2025-07-10,,active,199,2026-06-30,355,Pro,2
35,33,2,2025-09-03,,active,199,2026-06-30,300,Pro,2
36,34,2,2024-12-25,,active,199,2026-06-30,552,Pro,2
37,35,3,2025-08-09,,active,799,2026-06-30,325,Enterprise,3
38,36,3,2024-07-25,,active,799,2026-06-30,705,Enterprise,3
39,37,1,2024-01-21,2025-02-01,churned,49,2025-02-01,377,Starter,1
40,38,1,2024-07-08,2024-12-01,churned,49,2024-12-01,146,Starter,1
41,39,1,2026-03-08,2026-05-01,churned,49,2026-05-01,54,Starter,1
42,40,2,2026-01-02,,active,199,2026-06-30,179,Pro,2
43,41,1,2026-01-16,2026-04-01,churned,49,2026-04-01,75,Starter,1
44,42,3,2025-06-19,,active,799,2026-06-30,376,Enterprise,3
45,43,1,2024-02-04,2024-02-01,churned,49,2024-02-01,0,Starter,1
46,44,1,2026-01-28,,active,49,2026-06-30,153,Starter,1
47,45,3,2024-05-02,2026-03-01,downgraded,799,2026-03-01,668,Enterprise,3
48,45,2,2026-03-01,2026-06-01,downgraded,199,2026-06-01,92,Pro,2
49,45,1,2026-06-01,,active,49,2026-06-30,29,Starter,1
50,46,2,2023-12-07,2024-06-01,churned,199,2024-06-01,177,Pro,2
51,47,1,2023-08-15,2023-12-01,churned,49,2023-12-01,108,Starter,1
52,48,1,2025-04-28,2025-05-01,churned,49,2025-05-01,3,Starter,1
53,49,3,2023-12-01,,active,799,2026-06-30,942,Enterprise,3
54,50,2,2024-03-14,,active,199,2026-06-30,838,Pro,2
55,51,1,2026-04-06,,active,49,2026-06-30,85,Starter,1
56,52,1,2026-03-26,,active,49,2026-06-30,96,Starter,1
57,53,3,2025-08-18,,active,799,2026-06-30,316,Enterprise,3
58,54,1,2026-01-02,,active,49,2026-06-30,179,Starter,1
59,55,2,2024-09-02,2026-01-01,downgraded,199,2026-01-01,486,Pro,2
60,55,1,2026-01-01,2026-02-01,churned,49,2026-02-01,31,Starter,1
61,56,3,2026-01-02,,active,799,2026-06-30,179,Enterprise,3
62,57,1,2026-04-03,,active,49,2026-06-30,88,Starter,1
63,58,1,2025-05-08,2026-01-01,churned,49,2026-01-01,238,Starter,1
64,59,1,2023-10-19,2024-05-01,upgraded,49,2024-05-01,195,Starter,1
65,59,2,2024-05-01,2025-11-01,churned,199,2025-11-01,549,Pro,2
66,60,1,2023-09-23,2024-02-01,upgraded,49,2024-02-01,131,Starter,1
67,60,2,2024-02-01,2026-03-01,upgraded,199,2026-03-01,759,Pro,2
68,60,3,2026-03-01,,active,799,2026-06-30,121,Enterprise,3
69,61,1,2025-08-10,,active,49,2026-06-30,324,Starter,1
70,62,3,2025-10-15,,active,799,2026-06-30,258,Enterprise,3
71,63,1,2026-01-07,2026-05-01,churned,49,2026-05-01,114,Starter,1
72,64,1,2025-03-08,,active,49,2026-06-30,479,Starter,1
73,65,2,2025-08-10,,active,199,2026-06-30,324,Pro,2
74,66,3,2024-01-22,,active,799,2026-06-30,890,Enterprise,3
75,67,1,2025-04-09,2025-07-01,churned,49,2025-07-01,83,Starter,1
76,68,2,2025-05-10,2025-09-01,downgraded,199,2025-09-01,114,Pro,2
77,68,1,2025-09-01,2026-02-01,churned,49,2026-02-01,153,Starter,1
78,69,1,2026-03-28,,active,49,2026-06-30,94,Starter,1
79,70,2,2025-07-02,,active,199,2026-06-30,363,Pro,2
80,71,2,2026-04-11,,active,199,2026-06-30,80,Pro,2
81,72,1,2025-10-15,,active,49,2026-06-30,258,Starter,1
82,73,2,2026-04-23,,active,199,2026-06-30,68,Pro,2
83,74,1,2024-05-18,2025-06-01,upgraded,49,2025-06-01,379,Starter,1
84,74,2,2025-06-01,2025-07-01,churned,199,2025-07-01,30,Pro,2
85,75,1,2024-09-28,2025-01-01,churned,49,2025-01-01,95,Starter,1
86,76,2,2025-07-04,,active,199,2026-06-30,361,Pro,2
87,77,2,2025-01-24,2025-03-01,churned,199,2025-03-01,36,Pro,2
88,78,2,2026-05-26,,active,199,2026-06-30,35,Pro,2
89,79,2,2024-12-26,,active,199,2026-06-30,551,Pro,2
90,80,2,2024-07-08,2024-11-01,churned,199,2024-11-01,116,Pro,2
91,81,2,2024-11-02,2025-10-01,churned,199,2025-10-01,333,Pro,2
92,82,2,2025-03-12,,active,199,2026-06-30,475,Pro,2
93,83,1,2026-06-22,2026-06-01,churned,49,2026-06-01,0,Starter,1
94,84,3,2024-02-09,,active,799,2026-06-30,872,Enterprise,3
95,85,2,2023-11-18,2023-12-01,churned,199,2023-12-01,13,Pro,2
96,86,3,2024-09-06,,active,799,2026-06-30,662,Enterprise,3
97,87,1,2025-12-14,,active,49,2026-06-30,198,Starter,1
98,88,1,2025-03-04,,active,49,2026-06-30,483,Starter,1
99,89,1,2025-07-14,,active,49,2026-06-30,351,Starter,1
100,90,2,2025-07-24,,active,199,2026-06-30,341,Pro,2
101,91,1,2025-01-11,2025-03-01,churned,49,2025-03-01,49,Starter,1
102,92,1,2024-10-17,2025-11-01,churned,49,2025-11-01,380,Starter,1
103,93,1,2026-03-18,,active,49,2026-06-30,104,Starter,1
104,94,3,2023-10-24,,active,799,2026-06-30,980,Enterprise,3
105,95,1,2025-01-27,2025-05-01,churned,49,2025-05-01,94,Starter,1
106,96,1,2025-07-20,2026-04-01,upgraded,49,2026-04-01,255,Starter,1
107,96,2,2026-04-01,,active,199,2026-06-30,90,Pro,2
108,97,1,2026-01-17,2026-06-01,churned,49,2026-06-01,135,Starter,1
109,98,1,2024-12-22,2025-06-01,churned,49,2025-06-01,161,Starter,1
110,99,3,2024-09-03,,active,799,2026-06-30,665,Enterprise,3
111,100,2,2025-12-26,,active,199,2026-06-30,186,Pro,2
112,101,2,2025-03-20,,active,199,2026-06-30,467,Pro,2
113,102,1,2025-06-19,2025-10-01,churned,49,2025-10-01,104,Starter,1
114,103,1,2023-08-05,2026-05-01,churned,49,2026-05-01,1000,Starter,1
115,104,2,2026-02-04,,active,199,2026-06-30,146,Pro,2
116,105,2,2026-05-17,,active,199,2026-06-30,44,Pro,2
117,106,2,2026-05-15,,active,199,2026-06-30,46,Pro,2
118,107,2,2025-12-20,,active,199,2026-06-30,192,Pro,2
119,108,2,2025-09-24,2025-11-01,upgraded,199,2025-11-01,38,Pro,2
120,108,3,2025-11-01,,active,799,2026-06-30,241,Enterprise,3
121,109,3,2025-05-06,2025-07-01,downgraded,799,2025-07-01,56,Enterprise,3
122,109,2,2025-07-01,2026-02-01,churned,199,2026-02-01,215,Pro,2
123,110,1,2024-09-27,2025-03-01,upgraded,49,2025-03-01,155,Starter,1
124,110,2,2025-03-01,2025-04-01,upgraded,199,2025-04-01,31,Pro,2
125,110,3,2025-04-01,,active,799,2026-06-30,455,Enterprise,3
126,111,2,2024-06-08,2026-03-01,downgraded,199,2026-03-01,631,Pro,2
127,111,1,2026-03-01,,active,49,2026-06-30,121,Starter,1
128,112,1,2025-09-11,2026-03-01,churned,49,2026-03-01,171,Starter,1
129,113,1,2026-03-13,,active,49,2026-06-30,109,Starter,1
130,114,1,2025-02-11,2025-04-01,churned,49,2025-04-01,49,Starter,1
131,115,2,2026-01-13,,active,199,2026-06-30,168,Pro,2
132,116,2,2023-11-25,2025-02-01,churned,199,2025-02-01,434,Pro,2
133,117,3,2026-06-25,,active,799,2026-06-30,5,Enterprise,3
134,118,2,2024-12-24,,active,199,2026-06-30,553,Pro,2
135,119,2,2026-05-08,2026-06-01,churned,199,2026-06-01,24,Pro,2
136,120,2,2025-12-22,,active,199,2026-06-30,190,Pro,2
137,121,2,2023-09-20,2025-03-01,churned,199,2025-03-01,528,Pro,2
138,122,1,2024-05-01,,active,49,2026-06-30,790,Starter,1
139,123,2,2026-04-02,,active,199,2026-06-30,89,Pro,2
140,124,2,2026-02-25,,active,199,2026-06-30,125,Pro,2
141,125,3,2025-09-09,,active,799,2026-06-30,294,Enterprise,3
142,126,2,2026-06-12,,active,199,2026-06-30,18,Pro,2
143,127,2,2024-09-25,2025-12-01,churned,199,2025-12-01,432,Pro,2
144,128,2,2026-06-05,,active,199,2026-06-30,25,Pro,2
145,129,1,2026-03-15,2026-03-01,churned,49,2026-03-01,0,Starter,1
146,130,1,2025-07-24,2025-07-01,churned,49,2025-07-01,0,Starter,1
147,131,1,2025-06-04,2026-04-01,churned,49,2026-04-01,301,Starter,1
148,132,3,2026-02-13,,active,799,2026-06-30,137,Enterprise,3
149,133,2,2025-03-21,,active,199,2026-06-30,466,Pro,2
150,134,2,2023-08-20,2024-12-01,churned,199,2024-12-01,469,Pro,2
151,135,2,2025-12-12,,active,199,2026-06-30,200,Pro,2
152,136,1,2024-11-11,2025-01-01,churned,49,2025-01-01,51,Starter,1
153,137,1,2024-10-12,2024-11-01,churned,49,2024-11-01,20,Starter,1
154,138,2,2025-08-06,,active,199,2026-06-30,328,Pro,2
155,139,2,2025-03-18,2025-11-01,churned,199,2025-11-01,228,Pro,2
156,140,2,2024-01-09,,active,199,2026-06-30,903,Pro,2
157,141,2,2024-06-15,2024-11-01,churned,199,2024-11-01,139,Pro,2
158,142,1,2025-11-11,2026-01-01,churned,49,2026-01-01,51,Starter,1
159,143,2,2024-08-12,,active,199,2026-06-30,687,Pro,2
160,144,3,2024-10-09,,active,799,2026-06-30,629,Enterprise,3
161,145,1,2026-06-24,2026-06-01,churned,49,2026-06-01,0,Starter,1
162,146,1,2026-06-21,2026-06-01,churned,49,2026-06-01,0,Starter,1
163,147,1,2026-01-08,,active,49,2026-06-30,173,Starter,1
164,148,2,2024-04-16,2026-01-01,churned,199,2026-01-01,625,Pro,2
165,149,3,2023-12-11,,active,799,2026-06-30,932,Enterprise,3
166,150,1,2023-12-04,,active,49,2026-06-30,939,Starter,1
167,151,2,2025-10-23,,active,199,2026-06-30,250,Pro,2
168,152,2,2026-05-19,,active,199,2026-06-30,42,Pro,2
169,153,1,2025-06-27,2026-04-01,churned,49,2026-04-01,278,Starter,1
170,154,1,2025-07-23,2026-04-01,churned,49,2026-04-01,252,Starter,1
171,155,3,2024-05-10,2024-05-01,churned,799,2024-05-01,0,Enterprise,3
172,156,3,2026-06-04,,active,799,2026-06-30,26,Enterprise,3
173,157,1,2025-11-11,,active,49,2026-06-30,231,Starter,1
174,158,3,2024-12-04,,active,799,2026-06-30,573,Enterprise,3
175,159,1,2025-10-22,,active,49,2026-06-30,251,Starter,1
176,160,3,2023-10-03,2026-04-01,downgraded,799,2026-04-01,911,Enterprise,3
177,160,2,2026-04-01,,active,199,2026-06-30,90,Pro,2
178,161,2,2025-07-20,,active,199,2026-06-30,345,Pro,2
179,162,2,2025-12-15,,active,199,2026-06-30,197,Pro,2
180,163,1,2024-08-20,2025-08-01,churned,49,2025-08-01,346,Starter,1
181,164,1,2025-11-07,,active,49,2026-06-30,235,Starter,1
182,165,1,2026-06-06,2026-06-01,churned,49,2026-06-01,0,Starter,1
183,166,1,2025-09-20,2026-05-01,churned,49,2026-05-01,223,Starter,1
184,167,2,2025-07-23,2025-09-01,churned,199,2025-09-01,40,Pro,2
185,168,2,2025-10-26,2026-04-01,churned,199,2026-04-01,157,Pro,2
186,169,1,2024-10-14,,active,49,2026-06-30,624,Starter,1
187,170,1,2024-03-27,2026-01-01,churned,49,2026-01-01,645,Starter,1
188,171,3,2024-10-24,,active,799,2026-06-30,614,Enterprise,3
189,172,1,2025-09-23,,active,49,2026-06-30,280,Starter,1
190,173,1,2024-11-16,,active,49,2026-06-30,591,Starter,1
191,174,3,2025-01-11,2026-01-01,downgraded,799,2026-01-01,355,Enterprise,3
192,174,2,2026-01-01,2026-02-01,churned,199,2026-02-01,31,Pro,2
193,175,2,2024-08-27,2025-09-01,churned,199,2025-09-01,370,Pro,2
194,176,2,2024-03-22,2024-05-01,downgraded,199,2024-05-01,40,Pro,2
195,176,1,2024-05-01,2024-06-01,churned,49,2024-06-01,31,Starter,1
196,177,2,2025-02-16,,active,199,2026-06-30,499,Pro,2
197,178,1,2026-02-14,,active,49,2026-06-30,136,Starter,1
198,179,1,2025-01-14,2025-02-01,churned,49,2025-02-01,18,Starter,1
199,180,3,2023-10-14,,active,799,2026-06-30,990,Enterprise,3
200,181,3,2026-06-25,,active,799,2026-06-30,5,Enterprise,3
201,182,2,2025-11-04,,active,199,2026-06-30,238,Pro,2
202,183,3,2026-01-22,,active,799,2026-06-30,159,Enterprise,3
203,184,1,2025-07-12,2026-03-01,churned,49,2026-03-01,232,Starter,1
204,185,1,2024-10-07,2026-05-01,churned,49,2026-05-01,571,Starter,1
205,186,1,2025-08-16,2026-03-01,churned,49,2026-03-01,197,Starter,1
206,187,2,2025-01-23,2025-07-01,churned,199,2025-07-01,159,Pro,2
207,188,3,2025-03-08,,active,799,2026-06-30,479,Enterprise,3
208,189,2,2023-12-21,2025-07-01,churned,199,2025-07-01,558,Pro,2
209,190,2,2025-08-23,2026-05-01,downgraded,199,2026-05-01,251,Pro,2
210,190,1,2026-05-01,,active,49,2026-06-30,60,Starter,1
211,191,3,2024-02-15,,active,799,2026-06-30,866,Enterprise,3
212,192,3,2026-03-24,,active,799,2026-06-30,98,Enterprise,3
213,193,1,2024-04-28,2024-07-01,churned,49,2024-07-01,64,Starter,1
214,194,2,2025-08-01,,active,199,2026-06-30,333,Pro,2
215,195,3,2024-07-16,2024-08-01,churned,799,2024-08-01,16,Enterprise,3
216,196,2,2024-10-18,,active,199,2026-06-30,620,Pro,2
217,197,3,2023-09-07,,active,799,2026-06-30,1027,Enterprise,3
218,198,1,2026-04-25,,active,49,2026-06-30,66,Starter,1
219,199,1,2025-03-13,2026-04-01,churned,49,2026-04-01,384,Starter,1
220,200,3,2025-06-16,,active,799,2026-06-30,379,Enterprise,3
221,201,2,2026-03-28,,active,199,2026-06-30,94,Pro,2
222,202,1,2023-08-01,2024-09-01,churned,49,2024-09-01,397,Starter,1
223,203,2,2023-07-03,2023-10-01,churned,199,2023-10-01,90,Pro,2
224,204,1,2024-06-13,2024-09-01,upgraded,49,2024-09-01,80,Starter,1
225,204,2,2024-09-01,,active,199,2026-06-30,667,Pro,2
226,205,3,2023-10-18,2023-11-01,churned,799,2023-11-01,14,Enterprise,3
227,206,3,2026-01-16,,active,799,2026-06-30,165,Enterprise,3
228,207,2,2024-10-22,,active,199,2026-06-30,616,Pro,2
229,208,2,2023-12-04,,active,199,2026-06-30,939,Pro,2
230,209,1,2025-05-23,,active,49,2026-06-30,403,Starter,1
231,210,1,2024-12-10,2025-03-01,churned,49,2025-03-01,81,Starter,1
232,211,1,2026-05-19,,active,49,2026-06-30,42,Starter,1
233,212,1,2025-06-28,,active,49,2026-06-30,367,Starter,1
234,213,1,2026-03-05,,active,49,2026-06-30,117,Starter,1
235,214,2,2025-08-01,2026-01-01,churned,199,2026-01-01,153,Pro,2
236,215,1,2026-04-06,,active,49,2026-06-30,85,Starter,1
237,216,3,2025-10-21,,active,799,2026-06-30,252,Enterprise,3
238,217,3,2024-09-07,,active,799,2026-06-30,661,Enterprise,3
239,218,1,2026-02-19,,active,49,2026-06-30,131,Starter,1
240,219,2,2026-01-27,2026-01-01,churned,199,2026-01-01,0,Pro,2
241,220,2,2025-05-25,,active,199,2026-06-30,401,Pro,2
242,221,3,2026-06-27,,active,799,2026-06-30,3,Enterprise,3
243,222,2,2023-12-26,,active,199,2026-06-30,917,Pro,2
244,223,2,2026-06-25,,active,199,2026-06-30,5,Pro,2
245,224,3,2026-06-04,,active,799,2026-06-30,26,Enterprise,3
246,225,1,2024-08-02,,active,49,2026-06-30,697,Starter,1
247,226,1,2025-05-11,,active,49,2026-06-30,415,Starter,1
248,227,1,2026-01-12,,active,49,2026-06-30,169,Starter,1
249,228,3,2026-01-27,,active,799,2026-06-30,154,Enterprise,3
250,229,2,2025-05-11,,active,199,2026-06-30,415,Pro,2
251,230,2,2025-09-08,,active,199,2026-06-30,295,Pro,2
252,231,3,2025-04-26,,active,799,2026-06-30,430,Enterprise,3
253,232,1,2023-11-18,2024-01-01,churned,49,2024-01-01,44,Starter,1
254,233,2,2023-11-19,2024-03-01,upgraded,199,2024-03-01,103,Pro,2
255,233,3,2024-03-01,2024-12-01,churned,799,2024-12-01,275,Enterprise,3
256,234,1,2024-10-08,2024-11-01,churned,49,2024-11-01,24,Starter,1
257,235,2,2024-08-20,,active,199,2026-06-30,679,Pro,2
258,236,2,2024-09-10,2024-11-01,upgraded,199,2024-11-01,52,Pro,2
259,236,3,2024-11-01,2026-06-01,churned,799,2026-06-01,577,Enterprise,3
260,237,3,2025-06-10,,active,799,2026-06-30,385,Enterprise,3
261,238,1,2024-08-05,2025-07-01,churned,49,2025-07-01,330,Starter,1
262,239,3,2024-08-18,2025-10-01,churned,799,2025-10-01,409,Enterprise,3
263,240,1,2024-08-21,,active,49,2026-06-30,678,Starter,1
264,241,1,2024-06-02,2025-04-01,churned,49,2025-04-01,303,Starter,1
265,242,1,2025-12-28,,active,49,2026-06-30,184,Starter,1
266,243,1,2025-02-12,,active,49,2026-06-30,503,Starter,1
267,244,3,2024-05-27,,active,799,2026-06-30,764,Enterprise,3
268,245,1,2024-06-01,2024-11-01,churned,49,2024-11-01,153,Starter,1
269,246,2,2025-12-19,2026-01-01,churned,199,2026-01-01,13,Pro,2
270,247,3,2025-12-07,,active,799,2026-06-30,205,Enterprise,3
271,248,1,2024-09-20,2025-01-01,churned,49,2025-01-01,103,Starter,1
272,249,1,2026-05-18,,active,49,2026-06-30,43,Starter,1
273,250,1,2026-02-05,,active,49,2026-06-30,145,Starter,1
274,251,1,2026-04-01,,active,49,2026-06-30,90,Starter,1
275,252,2,2024-11-04,2025-05-01,churned,199,2025-05-01,178,Pro,2
276,253,1,2025-04-19,2026-01-01,churned,49,2026-01-01,257,Starter,1
277,254,3,2026-01-24,,active,799,2026-06-30,157,Enterprise,3
278,255,3,2024-03-21,,active,799,2026-06-30,831,Enterprise,3
279,256,1,2024-10-14,2025-05-01,churned,49,2025-05-01,199,Starter,1
280,257,3,2025-10-03,,active,799,2026-06-30,270,Enterprise,3
281,258,1,2025-01-21,2025-05-01,churned,49,2025-05-01,100,Starter,1
282,259,1,2025-09-17,2026-05-01,churned,49,2026-05-01,226,Starter,1
283,260,1,2024-03-23,2024-07-01,churned,49,2024-07-01,100,Starter,1
284,261,3,2025-06-24,,active,799,2026-06-30,371,Enterprise,3
285,262,3,2025-05-11,,active,799,2026-06-30,415,Enterprise,3
286,263,2,2025-12-14,,active,199,2026-06-30,198,Pro,2
287,264,2,2024-06-16,,active,199,2026-06-30,744,Pro,2
288,265,1,2025-09-24,2025-12-01,upgraded,49,2025-12-01,68,Starter,1
289,265,2,2025-12-01,,active,199,2026-06-30,211,Pro,2
290,266,2,2024-10-18,,active,199,2026-06-30,620,Pro,2
291,267,2,2025-03-22,2025-07-01,churned,199,2025-07-01,101,Pro,2
292,268,3,2026-06-10,2026-06-01,churned,799,2026-06-01,0,Enterprise,3
293,269,2,2025-09-05,,active,199,2026-06-30,298,Pro,2
294,270,1,2025-07-18,,active,49,2026-06-30,347,Starter,1
295,271,3,2024-05-14,,active,799,2026-06-30,777,Enterprise,3
296,272,2,2026-04-22,,active,199,2026-06-30,69,Pro,2
297,273,2,2024-07-23,2025-11-01,churned,199,2025-11-01,466,Pro,2
298,274,2,2025-01-11,,active,199,2026-06-30,535,Pro,2
299,275,1,2024-11-13,,active,49,2026-06-30,594,Starter,1
300,276,3,2025-07-24,,active,799,2026-06-30,341,Enterprise,3
301,277,1,2025-05-12,,active,49,2026-06-30,414,Starter,1
302,278,3,2023-12-03,,active,799,2026-06-30,940,Enterprise,3
303,279,1,2025-08-22,,active,49,2026-06-30,312,Starter,1
304,280,1,2023-09-15,2024-12-01,churned,49,2024-12-01,443,Starter,1
305,281,1,2025-01-14,2025-03-01,churned,49,2025-03-01,46,Starter,1
306,282,2,2024-02-22,2026-06-01,downgraded,199,2026-06-01,830,Pro,2
307,282,1,2026-06-01,,active,49,2026-06-30,29,Starter,1
308,283,2,2025-09-01,2026-06-01,churned,199,2026-06-01,273,Pro,2
309,284,2,2024-06-09,2025-12-01,downgraded,199,2025-12-01,540,Pro,2
310,284,1,2025-12-01,,active,49,2026-06-30,211,Starter,1
311,285,1,2025-07-06,2025-08-01,churned,49,2025-08-01,26,Starter,1
312,286,1,2024-06-27,2026-01-01,churned,49,2026-01-01,553,Starter,1
313,287,1,2024-09-02,,active,49,2026-06-30,666,Starter,1
314,288,1,2026-01-19,,active,49,2026-06-30,162,Starter,1
315,289,2,2024-09-04,,active,199,2026-06-30,664,Pro,2
316,290,2,2026-01-15,,active,199,2026-06-30,166,Pro,2
317,291,1,2024-10-04,2025-03-01,churned,49,2025-03-01,148,Starter,1
318,292,2,2026-03-28,2026-06-01,churned,199,2026-06-01,65,Pro,2
319,293,1,2026-05-03,,active,49,2026-06-30,58,Starter,1
320,294,2,2024-11-12,,active,199,2026-06-30,595,Pro,2
321,295,1,2026-06-08,2026-06-01,churned,49,2026-06-01,0,Starter,1
322,296,2,2024-03-25,2026-06-01,downgraded,199,2026-06-01,798,Pro,2
323,296,1,2026-06-01,,active,49,2026-06-30,29,Starter,1
324,297,3,2025-07-16,,active,799,2026-06-30,349,Enterprise,3
325,298,2,2025-04-19,,active,199,2026-06-30,437,Pro,2
326,299,1,2026-01-11,,active,49,2026-06-30,170,Starter,1
327,300,1,2024-08-26,2024-11-01,churned,49,2024-11-01,67,Starter,1
328,301,2,2025-01-15,,active,199,2026-06-30,531,Pro,2
329,302,3,2024-12-21,,active,799,2026-06-30,556,Enterprise,3
330,303,2,2025-06-13,,active,199,2026-06-30,382,Pro,2
331,304,3,2025-06-15,,active,799,2026-06-30,380,Enterprise,3
332,305,1,2024-06-16,2025-07-01,churned,49,2025-07-01,380,Starter,1
333,306,1,2025-12-27,2026-04-01,churned,49,2026-04-01,95,Starter,1
334,307,2,2024-12-02,2025-04-01,upgraded,199,2025-04-01,120,Pro,2
335,307,3,2025-04-01,,active,799,2026-06-30,455,Enterprise,3
336,308,1,2025-04-20,2026-02-01,upgraded,49,2026-02-01,287,Starter,1
337,308,2,2026-02-01,2026-05-01,churned,199,2026-05-01,89,Pro,2
338,309,1,2026-03-25,2026-03-01,churned,49,2026-03-01,0,Starter,1
339,310,1,2026-06-11,,active,49,2026-06-30,19,Starter,1
340,311,2,2024-07-09,2025-01-01,churned,199,2025-01-01,176,Pro,2
341,312,3,2025-06-05,,active,799,2026-06-30,390,Enterprise,3
342,313,2,2025-11-10,,active,199,2026-06-30,232,Pro,2
343,314,2,2025-05-23,2025-07-01,churned,199,2025-07-01,39,Pro,2
344,315,2,2025-07-11,,active,199,2026-06-30,354,Pro,2
345,316,3,2026-06-22,,active,799,2026-06-30,8,Enterprise,3
346,317,1,2026-03-12,2026-05-01,churned,49,2026-05-01,50,Starter,1
347,318,3,2025-05-25,,active,799,2026-06-30,401,Enterprise,3
348,319,2,2025-01-10,,active,199,2026-06-30,536,Pro,2
349,320,3,2025-01-24,,active,799,2026-06-30,522,Enterprise,3
350,321,1,2025-05-20,,active,49,2026-06-30,406,Starter,1
351,322,2,2024-12-23,,active,199,2026-06-30,554,Pro,2
352,323,1,2025-08-02,,active,49,2026-06-30,332,Starter,1
353,324,1,2024-10-20,,active,49,2026-06-30,618,Starter,1
354,325,1,2026-05-08,,active,49,2026-06-30,53,Starter,1
355,326,1,2026-06-07,2026-06-01,churned,49,2026-06-01,0,Starter,1
356,327,2,2023-11-25,2024-06-01,upgraded,199,2024-06-01,189,Pro,2
357,327,3,2024-06-01,,active,799,2026-06-30,759,Enterprise,3
358,328,2,2024-07-27,,active,199,2026-06-30,703,Pro,2
359,329,3,2025-05-21,,active,799,2026-06-30,405,Enterprise,3
360,330,3,2025-10-28,,active,799,2026-06-30,245,Enterprise,3
361,331,1,2026-04-09,,active,49,2026-06-30,82,Starter,1
362,332,3,2024-08-08,2025-06-01,churned,799,2025-06-01,297,Enterprise,3
363,333,3,2025-09-02,,active,799,2026-06-30,301,Enterprise,3
364,334,1,2026-05-12,,active,49,2026-06-30,49,Starter,1
365,335,1,2025-07-21,2025-08-01,churned,49,2025-08-01,11,Starter,1
366,336,1,2025-10-16,2025-10-01,churned,49,2025-10-01,0,Starter,1
367,337,1,2026-02-20,2026-06-01,upgraded,49,2026-06-01,101,Starter,1
368,337,2,2026-06-01,,active,199,2026-06-30,29,Pro,2
369,338,1,2025-05-05,2025-09-01,churned,49,2025-09-01,119,Starter,1
370,339,2,2025-11-25,,active,199,2026-06-30,217,Pro,2
371,340,2,2024-06-21,,active,199,2026-06-30,739,Pro,2
372,341,1,2024-06-20,,active,49,2026-06-30,740,Starter,1
373,342,2,2026-04-05,,active,199,2026-06-30,86,Pro,2
374,343,1,2024-08-14,2025-05-01,churned,49,2025-05-01,260,Starter,1
375,344,3,2025-03-03,,active,799,2026-06-30,484,Enterprise,3
376,345,1,2026-03-18,,active,49,2026-06-30,104,Starter,1
377,346,1,2024-12-12,2025-01-01,churned,49,2025-01-01,20,Starter,1
378,347,2,2026-05-08,,active,199,2026-06-30,53,Pro,2
379,348,2,2025-06-25,2025-12-01,churned,199,2025-12-01,159,Pro,2
380,349,2,2023-08-21,2024-11-01,churned,199,2024-11-01,438,Pro,2
381,350,1,2026-04-16,,active,49,2026-06-30,75,Starter,1
382,351,1,2026-04-15,,active,49,2026-06-30,76,Starter,1
383,352,3,2024-02-11,,active,799,2026-06-30,870,Enterprise,3
384,353,2,2025-10-16,2025-11-01,churned,199,2025-11-01,16,Pro,2
385,354,2,2026-01-28,,active,199,2026-06-30,153,Pro,2
386,355,1,2025-03-26,2025-03-01,churned,49,2025-03-01,0,Starter,1
387,356,3,2024-09-11,,active,799,2026-06-30,657,Enterprise,3
388,357,1,2025-08-17,2025-10-01,upgraded,49,2025-10-01,45,Starter,1
389,357,2,2025-10-01,,active,199,2026-06-30,272,Pro,2
390,358,3,2026-04-20,,active,799,2026-06-30,71,Enterprise,3
391,359,1,2025-01-03,2025-05-01,churned,49,2025-05-01,118,Starter,1
392,360,1,2025-03-14,2026-04-01,upgraded,49,2026-04-01,383,Starter,1
393,360,2,2026-04-01,,active,199,2026-06-30,90,Pro,2
394,361,2,2026-04-28,,active,199,2026-06-30,63,Pro,2
395,362,2,2026-05-26,,active,199,2026-06-30,35,Pro,2
396,363,3,2026-04-17,,active,799,2026-06-30,74,Enterprise,3
397,364,3,2026-05-28,,active,799,2026-06-30,33,Enterprise,3
398,365,2,2024-01-08,2025-01-01,downgraded,199,2025-01-01,359,Pro,2
399,365,1,2025-01-01,,active,49,2026-06-30,545,Starter,1
400,366,1,2026-02-02,,active,49,2026-06-30,148,Starter,1
401,367,3,2026-06-15,,active,799,2026-06-30,15,Enterprise,3
402,368,2,2025-02-11,,active,199,2026-06-30,504,Pro,2
403,369,1,2024-11-06,2025-08-01,churned,49,2025-08-01,268,Starter,1
404,370,2,2025-09-25,2026-01-01,churned,199,2026-01-01,98,Pro,2
405,371,3,2026-01-23,,active,799,2026-06-30,158,Enterprise,3
406,372,1,2025-05-03,2025-09-01,churned,49,2025-09-01,121,Starter,1
407,373,1,2024-04-26,2025-06-01,churned,49,2025-06-01,401,Starter,1
408,374,1,2026-03-23,,active,49,2026-06-30,99,Starter,1
409,375,3,2025-03-06,,active,799,2026-06-30,481,Enterprise,3
410,376,2,2024-05-12,2025-10-01,churned,199,2025-10-01,507,Pro,2
411,377,2,2025-05-08,2025-12-01,upgraded,199,2025-12-01,207,Pro,2
412,377,3,2025-12-01,,active,799,2026-06-30,211,Enterprise,3
413,378,3,2026-01-15,,active,799,2026-06-30,166,Enterprise,3
414,379,2,2024-06-03,,active,199,2026-06-30,757,Pro,2
415,380,2,2024-11-14,2026-03-01,churned,199,2026-03-01,472,Pro,2
416,381,1,2025-08-21,,active,49,2026-06-30,313,Starter,1
417,382,2,2024-05-27,2026-01-01,churned,199,2026-01-01,584,Pro,2
418,383,1,2025-07-14,2026-06-01,churned,49,2026-06-01,322,Starter,1
419,384,2,2025-06-05,,active,199,2026-06-30,390,Pro,2
420,385,3,2025-12-12,,active,799,2026-06-30,200,Enterprise,3
421,386,1,2024-09-09,,active,49,2026-06-30,659,Starter,1
422,387,1,2025-02-10,,active,49,2026-06-30,505,Starter,1
423,388,2,2025-06-19,,active,199,2026-06-30,376,Pro,2
424,389,3,2025-10-11,,active,799,2026-06-30,262,Enterprise,3
425,390,1,2026-01-03,,active,49,2026-06-30,178,Starter,1
426,391,2,2025-10-07,2026-06-01,churned,199,2026-06-01,237,Pro,2
427,392,2,2024-09-21,2026-04-01,churned,199,2026-04-01,557,Pro,2
428,393,2,2024-12-26,2025-11-01,downgraded,199,2025-11-01,310,Pro,2
429,393,1,2025-11-01,,active,49,2026-06-30,241,Starter,1
430,394,1,2025-11-02,2026-02-01,churned,49,2026-02-01,91,Starter,1
431,395,1,2025-02-20,2025-07-01,churned,49,2025-07-01,131,Starter,1
432,396,2,2025-05-12,2026-06-01,churned,199,2026-06-01,385,Pro,2
433,397,1,2024-03-04,,active,49,2026-06-30,848,Starter,1
434,398,1,2025-09-05,,active,49,2026-06-30,298,Starter,1
435,399,1,2024-09-14,,active,49,2026-06-30,654,Starter,1
436,400,1,2025-11-19,,active,49,2026-06-30,223,Starter,1
437,401,1,2025-05-15,,active,49,2026-06-30,411,Starter,1
438,402,1,2026-05-17,,active,49,2026-06-30,44,Starter,1
439,403,2,2025-08-02,2025-12-01,churned,199,2025-12-01,121,Pro,2
440,404,2,2025-07-16,,active,199,2026-06-30,349,Pro,2
441,405,1,2025-05-09,2026-04-01,churned,49,2026-04-01,327,Starter,1
442,406,1,2025-11-02,,active,49,2026-06-30,240,Starter,1
443,407,2,2026-05-13,,active,199,2026-06-30,48,Pro,2
444,408,1,2026-04-22,,active,49,2026-06-30,69,Starter,1
445,409,3,2024-11-26,2026-06-01,churned,799,2026-06-01,552,Enterprise,3
446,410,1,2024-10-07,,active,49,2026-06-30,631,Starter,1
447,411,1,2026-04-05,,active,49,2026-06-30,86,Starter,1
448,412,3,2026-06-20,,active,799,2026-06-30,10,Enterprise,3
449,413,3,2026-02-06,,active,799,2026-06-30,144,Enterprise,3
450,414,2,2025-04-11,2025-11-01,churned,199,2025-11-01,204,Pro,2
451,415,1,2026-05-10,,active,49,2026-06-30,51,Starter,1
452,416,1,2026-06-14,,active,49,2026-06-30,16,Starter,1
453,417,1,2025-09-21,,active,49,2026-06-30,282,Starter,1
454,418,3,2024-07-25,2026-03-01,churned,799,2026-03-01,584,Enterprise,3
455,419,1,2024-06-06,,active,49,2026-06-30,754,Starter,1
456,420,3,2026-03-05,,active,799,2026-06-30,117,Enterprise,3
457,421,2,2024-12-04,,active,199,2026-06-30,573,Pro,2
458,422,1,2024-12-23,2025-09-01,churned,49,2025-09-01,252,Starter,1
459,423,3,2025-10-28,,active,799,2026-06-30,245,Enterprise,3
460,424,2,2026-01-07,,active,199,2026-06-30,174,Pro,2
461,425,2,2024-12-11,2025-11-01,upgraded,199,2025-11-01,325,Pro,2
462,425,3,2025-11-01,,active,799,2026-06-30,241,Enterprise,3
463,426,2,2024-05-12,2024-06-01,churned,199,2024-06-01,20,Pro,2
464,427,2,2024-01-23,,active,199,2026-06-30,889,Pro,2
465,428,2,2024-08-18,2025-02-01,churned,199,2025-02-01,167,Pro,2
466,429,3,2024-09-10,2026-02-01,churned,799,2026-02-01,509,Enterprise,3
467,430,1,2023-12-12,2026-03-01,churned,49,2026-03-01,810,Starter,1
468,431,2,2026-06-04,,active,199,2026-06-30,26,Pro,2
469,432,3,2025-04-27,,active,799,2026-06-30,429,Enterprise,3
470,433,2,2024-10-10,2026-04-01,churned,199,2026-04-01,538,Pro,2
471,434,3,2025-06-09,,active,799,2026-06-30,386,Enterprise,3
472,435,2,2023-07-18,2023-11-01,churned,199,2023-11-01,106,Pro,2
473,436,2,2025-04-08,,active,199,2026-06-30,448,Pro,2
474,437,1,2024-04-08,,active,49,2026-06-30,813,Starter,1
475,438,2,2025-05-22,2025-11-01,churned,199,2025-11-01,163,Pro,2
476,439,2,2026-02-14,,active,199,2026-06-30,136,Pro,2
477,440,2,2025-06-07,,active,199,2026-06-30,388,Pro,2
478,441,1,2023-10-25,,active,49,2026-06-30,979,Starter,1
479,442,3,2025-07-28,,active,799,2026-06-30,337,Enterprise,3
480,443,2,2024-12-06,,active,199,2026-06-30,571,Pro,2
481,444,2,2026-03-16,,active,199,2026-06-30,106,Pro,2
482,445,1,2023-10-02,2023-10-01,churned,49,2023-10-01,0,Starter,1
483,446,1,2025-11-10,,active,49,2026-06-30,232,Starter,1
484,447,2,2025-12-28,,active,199,2026-06-30,184,Pro,2
485,448,2,2024-04-06,,active,199,2026-06-30,815,Pro,2
486,449,2,2025-02-24,,active,199,2026-06-30,491,Pro,2
487,450,2,2024-07-06,,active,199,2026-06-30,724,Pro,2
488,451,1,2025-09-17,2025-11-01,churned,49,2025-11-01,45,Starter,1
489,452,1,2024-05-16,,active,49,2026-06-30,775,Starter,1
490,453,2,2023-07-15,2025-02-01,upgraded,199,2025-02-01,567,Pro,2
491,453,3,2025-02-01,,active,799,2026-06-30,514,Enterprise,3
492,454,1,2025-02-19,2025-11-01,churned,49,2025-11-01,255,Starter,1
493,455,1,2024-09-22,2024-09-01,churned,49,2024-09-01,0,Starter,1
494,456,2,2025-09-23,,active,199,2026-06-30,280,Pro,2
495,457,2,2024-06-12,,active,199,2026-06-30,748,Pro,2
496,458,1,2026-04-15,,active,49,2026-06-30,76,Starter,1
497,459,2,2024-07-16,2025-05-01,downgraded,199,2025-05-01,289,Pro,2
498,459,1,2025-05-01,,active,49,2026-06-30,425,Starter,1
499,460,2,2024-08-08,2025-01-01,upgraded,199,2025-01-01,146,Pro,2
500,460,3,2025-01-01,,active,799,2026-06-30,545,Enterprise,3
501,461,2,2023-08-15,,active,199,2026-06-30,1050,Pro,2
502,462,3,2025-07-02,,active,799,2026-06-30,363,Enterprise,3
503,463,1,2024-06-05,,active,49,2026-06-30,755,Starter,1
504,464,1,2025-06-07,,active,49,2026-06-30,388,Starter,1
505,465,2,2025-12-26,,active,199,2026-06-30,186,Pro,2
506,466,1,2025-11-02,2026-05-01,churned,49,2026-05-01,180,Starter,1
507,467,1,2024-04-13,2024-04-01,churned,49,2024-04-01,0,Starter,1
508,468,1,2026-01-02,2026-05-01,churned,49,2026-05-01,119,Starter,1
509,469,3,2026-06-03,,active,799,2026-06-30,27,Enterprise,3
510,470,1,2024-08-25,2026-02-01,churned,49,2026-02-01,525,Starter,1
511,471,3,2025-09-12,,active,799,2026-06-30,291,Enterprise,3
512,472,2,2024-10-13,2026-06-01,churned,199,2026-06-01,596,Pro,2
513,473,3,2025-02-21,,active,799,2026-06-30,494,Enterprise,3
514,474,2,2025-01-17,,active,199,2026-06-30,529,Pro,2
515,475,3,2026-02-01,,active,799,2026-06-30,149,Enterprise,3
516,476,2,2025-06-18,2025-08-01,churned,199,2025-08-01,44,Pro,2
517,477,1,2026-05-09,2026-05-01,churned,49,2026-05-01,0,Starter,1
518,478,2,2026-04-26,,active,199,2026-06-30,65,Pro,2
519,479,2,2025-10-08,2026-05-01,downgraded,199,2026-05-01,205,Pro,2
520,479,1,2026-05-01,,active,49,2026-06-30,60,Starter,1
521,480,1,2024-02-22,2025-05-01,churned,49,2025-05-01,434,Starter,1
522,481,2,2026-04-15,,active,199,2026-06-30,76,Pro,2
523,482,3,2025-12-05,,active,799,2026-06-30,207,Enterprise,3
524,483,2,2026-06-19,,active,199,2026-06-30,11,Pro,2
525,484,2,2025-01-08,2026-05-01,churned,199,2026-05-01,478,Pro,2
526,485,2,2026-03-14,,active,199,2026-06-30,108,Pro,2
527,486,3,2025-12-06,,active,799,2026-06-30,206,Enterprise,3
528,487,1,2026-03-21,,active,49,2026-06-30,101,Starter,1
529,488,1,2025-12-14,,active,49,2026-06-30,198,Starter,1
530,489,3,2024-03-08,,active,799,2026-06-30,844,Enterprise,3
531,490,3,2023-12-15,,active,799,2026-06-30,928,Enterprise,3
532,491,2,2023-07-17,,active,199,2026-06-30,1079,Pro,2
533,492,2,2023-11-03,,active,199,2026-06-30,970,Pro,2
534,493,1,2024-02-27,2024-08-01,churned,49,2024-08-01,156,Starter,1
535,494,3,2025-05-02,,active,799,2026-06-30,424,Enterprise,3
536,495,2,2025-08-22,,active,199,2026-06-30,312,Pro,2
537,496,3,2025-11-10,,active,799,2026-06-30,232,Enterprise,3
538,497,3,2024-03-04,,active,799,2026-06-30,848,Enterprise,3
539,498,3,2025-10-20,,active,799,2026-06-30,253,Enterprise,3
540,499,1,2026-03-25,,active,49,2026-06-30,97,Starter,1
541,500,2,2023-12-09,,active,199,2026-06-30,934,Pro,2
542,501,1,2026-04-24,,active,49,2026-06-30,67,Starter,1
543,502,3,2024-09-11,2024-11-01,downgraded,799,2024-11-01,51,Enterprise,3
544,502,2,2024-11-01,,active,199,2026-06-30,606,Pro,2
545,503,1,2024-12-01,2026-02-01,churned,49,2026-02-01,427,Starter,1
546,504,2,2025-03-10,,active,199,2026-06-30,477,Pro,2
547,505,1,2025-06-08,2025-09-01,churned,49,2025-09-01,85,Starter,1
548,506,3,2024-10-25,,active,799,2026-06-30,613,Enterprise,3
549,507,2,2026-04-15,,active,199,2026-06-30,76,Pro,2
550,508,1,2026-02-18,,active,49,2026-06-30,132,Starter,1
551,509,2,2026-02-02,,active,199,2026-06-30,148,Pro,2
552,510,1,2024-03-22,2025-07-01,churned,49,2025-07-01,466,Starter,1
553,511,1,2023-10-08,2024-05-01,churned,49,2024-05-01,206,Starter,1
554,512,1,2026-06-12,,active,49,2026-06-30,18,Starter,1
555,513,3,2025-02-22,,active,799,2026-06-30,493,Enterprise,3
556,514,2,2026-01-01,,active,199,2026-06-30,180,Pro,2
557,515,3,2026-02-17,,active,799,2026-06-30,133,Enterprise,3
558,516,3,2025-08-04,,active,799,2026-06-30,330,Enterprise,3
559,517,1,2025-11-17,2026-04-01,churned,49,2026-04-01,135,Starter,1
560,518,3,2024-07-12,2025-06-01,downgraded,799,2025-06-01,324,Enterprise,3
561,518,2,2025-06-01,,active,199,2026-06-30,394,Pro,2
562,519,1,2025-08-08,2026-05-01,churned,49,2026-05-01,266,Starter,1
563,520,2,2025-02-21,,active,199,2026-06-30,494,Pro,2
564,521,1,2023-12-16,2025-02-01,churned,49,2025-02-01,413,Starter,1
565,522,1,2025-07-28,2025-12-01,churned,49,2025-12-01,126,Starter,1
566,523,3,2025-02-04,,active,799,2026-06-30,511,Enterprise,3
567,524,2,2024-08-23,2025-03-01,upgraded,199,2025-03-01,190,Pro,2
568,524,3,2025-03-01,,active,799,2026-06-30,486,Enterprise,3
569,525,2,2026-03-22,,active,199,2026-06-30,100,Pro,2
570,526,3,2026-06-06,,active,799,2026-06-30,24,Enterprise,3
571,527,3,2023-12-05,2024-09-01,downgraded,799,2024-09-01,271,Enterprise,3
572,527,2,2024-09-01,2025-11-01,downgraded,199,2025-11-01,426,Pro,2
573,527,1,2025-11-01,,active,49,2026-06-30,241,Starter,1
574,528,1,2024-04-10,2024-04-01,churned,49,2024-04-01,0,Starter,1
575,529,3,2025-11-22,,active,799,2026-06-30,220,Enterprise,3
576,530,3,2026-01-26,,active,799,2026-06-30,155,Enterprise,3
577,531,1,2023-09-02,2025-03-01,churned,49,2025-03-01,546,Starter,1
578,532,1,2024-02-25,2024-04-01,churned,49,2024-04-01,36,Starter,1
579,533,3,2024-11-01,2025-10-01,churned,799,2025-10-01,334,Enterprise,3
580,534,1,2025-06-12,2026-06-01,churned,49,2026-06-01,354,Starter,1
581,535,1,2024-10-22,2025-01-01,churned,49,2025-01-01,71,Starter,1
582,536,1,2026-01-23,2026-03-01,churned,49,2026-03-01,37,Starter,1
583,537,1,2025-08-21,,active,49,2026-06-30,313,Starter,1
584,538,2,2025-06-01,,active,199,2026-06-30,394,Pro,2
585,539,1,2026-01-05,,active,49,2026-06-30,176,Starter,1
586,540,1,2025-09-14,,active,49,2026-06-30,289,Starter,1
587,541,2,2026-03-20,2026-03-01,churned,199,2026-03-01,0,Pro,2
588,542,2,2024-11-13,,active,199,2026-06-30,594,Pro,2
589,543,2,2025-03-19,,active,199,2026-06-30,468,Pro,2
590,544,1,2024-09-10,2025-05-01,churned,49,2025-05-01,233,Starter,1
591,545,1,2025-04-14,2025-11-01,churned,49,2025-11-01,201,Starter,1
592,546,1,2025-11-24,,active,49,2026-06-30,218,Starter,1
593,547,1,2025-08-05,,active,49,2026-06-30,329,Starter,1
594,548,2,2024-04-13,2024-06-01,upgraded,199,2024-06-01,49,Pro,2
595,548,3,2024-06-01,,active,799,2026-06-30,759,Enterprise,3
596,549,2,2026-01-27,,active,199,2026-06-30,154,Pro,2
597,550,2,2025-03-20,2025-09-01,upgraded,199,2025-09-01,165,Pro,2
598,550,3,2025-09-01,,active,799,2026-06-30,302,Enterprise,3
599,551,1,2024-07-11,2026-03-01,upgraded,49,2026-03-01,598,Starter,1
600,551,2,2026-03-01,,active,199,2026-06-30,121,Pro,2
601,552,1,2025-03-26,2025-12-01,churned,49,2025-12-01,250,Starter,1
602,553,1,2024-05-12,2024-09-01,churned,49,2024-09-01,112,Starter,1
603,554,2,2024-05-06,2024-09-01,churned,199,2024-09-01,118,Pro,2
604,555,2,2024-12-23,2025-04-01,upgraded,199,2025-04-01,99,Pro,2
605,555,3,2025-04-01,,active,799,2026-06-30,455,Enterprise,3
606,556,3,2026-01-27,,active,799,2026-06-30,154,Enterprise,3
607,557,2,2025-08-21,,active,199,2026-06-30,313,Pro,2
608,558,1,2024-04-26,2026-01-01,churned,49,2026-01-01,615,Starter,1
609,559,2,2024-07-13,2024-12-01,upgraded,199,2024-12-01,141,Pro,2
610,559,3,2024-12-01,,active,799,2026-06-30,576,Enterprise,3
611,560,2,2026-02-18,,active,199,2026-06-30,132,Pro,2
612,561,2,2026-02-18,,active,199,2026-06-30,132,Pro,2
613,562,1,2025-03-22,,active,49,2026-06-30,465,Starter,1
614,563,2,2025-06-21,2025-09-01,churned,199,2025-09-01,72,Pro,2
615,564,1,2025-03-14,2025-08-01,churned,49,2025-08-01,140,Starter,1
616,565,1,2024-10-17,2025-01-01,churned,49,2025-01-01,76,Starter,1
617,566,1,2025-10-13,2026-01-01,churned,49,2026-01-01,80,Starter,1
618,567,3,2024-03-12,,active,799,2026-06-30,840,Enterprise,3
619,568,2,2026-04-04,,active,199,2026-06-30,87,Pro,2
620,569,2,2023-12-15,2025-06-01,churned,199,2025-06-01,534,Pro,2
621,570,1,2025-10-15,,active,49,2026-06-30,258,Starter,1
622,571,1,2024-07-26,,active,49,2026-06-30,704,Starter,1
623,572,2,2025-01-22,,active,199,2026-06-30,524,Pro,2
624,573,2,2025-04-06,,active,199,2026-06-30,450,Pro,2
625,574,2,2025-09-08,,active,199,2026-06-30,295,Pro,2
626,575,1,2025-12-14,,active,49,2026-06-30,198,Starter,1
627,576,3,2024-08-19,2026-03-01,churned,799,2026-03-01,559,Enterprise,3
628,577,1,2025-10-25,,active,49,2026-06-30,248,Starter,1
629,578,2,2026-01-28,,active,199,2026-06-30,153,Pro,2
630,579,1,2024-09-09,2025-03-01,churned,49,2025-03-01,173,Starter,1
631,580,3,2025-08-20,,active,799,2026-06-30,314,Enterprise,3
632,581,1,2026-06-28,,active,49,2026-06-30,2,Starter,1
633,582,3,2024-12-10,,active,799,2026-06-30,567,Enterprise,3
634,583,2,2024-12-04,2026-02-01,churned,199,2026-02-01,424,Pro,2
635,584,1,2023-10-17,2025-01-01,churned,49,2025-01-01,442,Starter,1
636,585,2,2025-06-06,2025-08-01,churned,199,2025-08-01,56,Pro,2
637,586,2,2025-09-18,2025-11-01,churned,199,2025-11-01,44,Pro,2
638,587,1,2025-10-15,,active,49,2026-06-30,258,Starter,1
639,588,2,2026-03-05,,active,199,2026-06-30,117,Pro,2
640,589,2,2025-04-16,,active,199,2026-06-30,440,Pro,2
641,590,2,2025-01-16,2025-03-01,upgraded,199,2025-03-01,44,Pro,2
642,590,3,2025-03-01,,active,799,2026-06-30,486,Enterprise,3
643,591,1,2024-08-10,,active,49,2026-06-30,689,Starter,1
644,592,1,2023-09-15,2025-03-01,churned,49,2025-03-01,533,Starter,1
645,593,1,2026-01-04,,active,49,2026-06-30,177,Starter,1
646,594,3,2024-06-18,2025-02-01,downgraded,799,2025-02-01,228,Enterprise,3
647,594,2,2025-02-01,2025-03-01,churned,199,2025-03-01,28,Pro,2
648,595,3,2026-06-07,,active,799,2026-06-30,23,Enterprise,3
649,596,2,2026-04-08,,active,199,2026-06-30,83,Pro,2
650,597,2,2023-10-28,2024-07-01,churned,199,2024-07-01,247,Pro,2
651,598,2,2025-07-26,,active,199,2026-06-30,339,Pro,2
652,599,2,2026-04-28,,active,199,2026-06-30,63,Pro,2
653,600,1,2025-07-26,2026-04-01,churned,49,2026-04-01,249,Starter,1
654,601,1,2025-12-18,,active,49,2026-06-30,194,Starter,1
655,602,1,2024-04-10,2024-10-01,churned,49,2024-10-01,174,Starter,1
656,603,2,2025-01-27,,active,199,2026-06-30,519,Pro,2
657,604,3,2024-10-09,,active,799,2026-06-30,629,Enterprise,3
658,605,3,2025-11-05,,active,799,2026-06-30,237,Enterprise,3
659,606,2,2025-10-13,2026-04-01,downgraded,199,2026-04-01,170,Pro,2
660,606,1,2026-04-01,,active,49,2026-06-30,90,Starter,1
661,607,1,2025-03-13,2025-04-01,churned,49,2025-04-01,19,Starter,1
662,608,3,2026-05-13,,active,799,2026-06-30,48,Enterprise,3
663,609,3,2025-10-15,,active,799,2026-06-30,258,Enterprise,3
664,610,1,2024-11-28,,active,49,2026-06-30,579,Starter,1
665,611,1,2024-06-23,2025-07-01,upgraded,49,2025-07-01,373,Starter,1
666,611,2,2025-07-01,,active,199,2026-06-30,364,Pro,2
667,612,3,2026-02-14,,active,799,2026-06-30,136,Enterprise,3
668,613,1,2025-06-11,,active,49,2026-06-30,384,Starter,1
669,614,3,2025-01-11,,active,799,2026-06-30,535,Enterprise,3
670,615,2,2026-05-26,,active,199,2026-06-30,35,Pro,2
671,616,3,2025-12-15,,active,799,2026-06-30,197,Enterprise,3
672,617,2,2025-11-05,,active,199,2026-06-30,237,Pro,2
673,618,3,2023-08-03,,active,799,2026-06-30,1062,Enterprise,3
674,619,1,2026-01-06,2026-05-01,churned,49,2026-05-01,115,Starter,1
675,620,2,2026-03-08,,active,199,2026-06-30,114,Pro,2
676,621,1,2026-03-16,,active,49,2026-06-30,106,Starter,1
677,622,1,2026-03-01,2026-05-01,churned,49,2026-05-01,61,Starter,1
678,623,1,2024-07-14,,active,49,2026-06-30,716,Starter,1
679,624,2,2026-04-24,,active,199,2026-06-30,67,Pro,2
680,625,1,2024-03-05,2024-07-01,churned,49,2024-07-01,118,Starter,1
681,626,2,2025-10-22,,active,199,2026-06-30,251,Pro,2
682,627,1,2025-01-06,,active,49,2026-06-30,540,Starter,1
683,628,2,2026-04-14,,active,199,2026-06-30,77,Pro,2
684,629,2,2024-11-05,,active,199,2026-06-30,602,Pro,2
685,630,2,2025-09-11,,active,199,2026-06-30,292,Pro,2
686,631,2,2025-08-18,,active,199,2026-06-30,316,Pro,2
687,632,2,2025-10-01,,active,199,2026-06-30,272,Pro,2
688,633,1,2024-04-20,2025-07-01,churned,49,2025-07-01,437,Starter,1
689,634,2,2026-03-26,2026-05-01,churned,199,2026-05-01,36,Pro,2
690,635,1,2026-01-08,,active,49,2026-06-30,173,Starter,1
691,636,3,2025-10-12,,active,799,2026-06-30,261,Enterprise,3
692,637,3,2025-11-14,,active,799,2026-06-30,228,Enterprise,3
693,638,1,2024-09-03,2025-11-01,churned,49,2025-11-01,424,Starter,1
694,639,2,2025-05-02,,active,199,2026-06-30,424,Pro,2
695,640,2,2024-11-17,,active,199,2026-06-30,590,Pro,2
696,641,1,2023-07-18,2025-07-01,churned,49,2025-07-01,714,Starter,1
697,642,2,2025-09-17,2026-01-01,churned,199,2026-01-01,106,Pro,2
698,643,1,2026-06-13,,active,49,2026-06-30,17,Starter,1
699,644,2,2026-05-03,2026-05-01,churned,199,2026-05-01,0,Pro,2
700,645,2,2024-02-02,,active,199,2026-06-30,879,Pro,2
701,646,1,2025-01-20,2026-05-01,churned,49,2026-05-01,466,Starter,1
702,647,1,2024-02-04,2024-07-01,upgraded,49,2024-07-01,148,Starter,1
703,647,2,2024-07-01,,active,199,2026-06-30,729,Pro,2
704,648,1,2024-10-12,2025-12-01,churned,49,2025-12-01,415,Starter,1
705,649,1,2025-09-12,2025-11-01,churned,49,2025-11-01,50,Starter,1
706,650,2,2025-11-25,,active,199,2026-06-30,217,Pro,2
707,651,1,2025-10-03,2025-11-01,churned,49,2025-11-01,29,Starter,1
708,652,2,2024-11-15,2026-03-01,upgraded,199,2026-03-01,471,Pro,2
709,652,3,2026-03-01,,active,799,2026-06-30,121,Enterprise,3
710,653,2,2026-01-12,,active,199,2026-06-30,169,Pro,2
711,654,2,2025-02-24,2025-11-01,churned,199,2025-11-01,250,Pro,2
712,655,1,2024-04-28,2025-07-01,churned,49,2025-07-01,429,Starter,1
713,656,2,2024-08-06,2026-03-01,churned,199,2026-03-01,572,Pro,2
714,657,2,2025-12-24,,active,199,2026-06-30,188,Pro,2
715,658,1,2026-02-11,,active,49,2026-06-30,139,Starter,1
716,659,2,2025-12-22,2026-06-01,upgraded,199,2026-06-01,161,Pro,2
717,659,3,2026-06-01,,active,799,2026-06-30,29,Enterprise,3
718,660,1,2024-02-13,2024-04-01,churned,49,2024-04-01,48,Starter,1
719,661,1,2025-10-10,2026-01-01,churned,49,2026-01-01,83,Starter,1
720,662,1,2025-06-10,2026-01-01,churned,49,2026-01-01,205,Starter,1
721,663,2,2024-09-12,,active,199,2026-06-30,656,Pro,2
722,664,3,2025-01-24,,active,799,2026-06-30,522,Enterprise,3
723,665,1,2024-03-14,2026-03-01,churned,49,2026-03-01,717,Starter,1
724,666,3,2026-04-01,,active,799,2026-06-30,90,Enterprise,3
725,667,2,2026-01-24,,active,199,2026-06-30,157,Pro,2
726,668,2,2024-11-14,,active,199,2026-06-30,593,Pro,2
727,669,2,2025-07-09,2025-09-01,upgraded,199,2025-09-01,54,Pro,2
728,669,3,2025-09-01,,active,799,2026-06-30,302,Enterprise,3
729,670,3,2024-05-14,,active,799,2026-06-30,777,Enterprise,3
730,671,2,2024-11-19,,active,199,2026-06-30,588,Pro,2
731,672,2,2026-02-19,,active,199,2026-06-30,131,Pro,2
732,673,2,2025-09-10,2026-01-01,upgraded,199,2026-01-01,113,Pro,2
733,673,3,2026-01-01,,active,799,2026-06-30,180,Enterprise,3
734,674,2,2023-08-27,,active,199,2026-06-30,1038,Pro,2
735,675,1,2024-09-07,2025-02-01,churned,49,2025-02-01,147,Starter,1
736,676,1,2025-01-06,2025-06-01,churned,49,2025-06-01,146,Starter,1
737,677,1,2024-06-25,2024-07-01,churned,49,2024-07-01,6,Starter,1
738,678,1,2025-01-03,2025-07-01,churned,49,2025-07-01,179,Starter,1
739,679,1,2026-05-20,,active,49,2026-06-30,41,Starter,1
740,680,1,2026-05-23,,active,49,2026-06-30,38,Starter,1
741,681,2,2024-01-10,,active,199,2026-06-30,902,Pro,2
742,682,1,2024-04-28,2024-08-01,churned,49,2024-08-01,95,Starter,1
743,683,2,2025-08-04,2025-09-01,churned,199,2025-09-01,28,Pro,2
744,684,3,2025-01-25,,active,799,2026-06-30,521,Enterprise,3
745,685,2,2026-03-22,,active,199,2026-06-30,100,Pro,2
746,686,1,2024-04-27,2024-04-01,churned,49,2024-04-01,0,Starter,1
747,687,2,2026-03-15,,active,199,2026-06-30,107,Pro,2
748,688,1,2026-04-11,,active,49,2026-06-30,80,Starter,1
749,689,2,2025-10-14,2026-05-01,downgraded,199,2026-05-01,199,Pro,2
750,689,1,2026-05-01,,active,49,2026-06-30,60,Starter,1
751,690,1,2025-01-14,2026-04-01,churned,49,2026-04-01,442,Starter,1
752,691,2,2026-03-15,,active,199,2026-06-30,107,Pro,2
753,692,2,2024-10-21,2025-09-01,churned,199,2025-09-01,315,Pro,2
754,693,2,2026-03-03,,active,199,2026-06-30,119,Pro,2
755,694,1,2024-09-17,2025-09-01,churned,49,2025-09-01,349,Starter,1
756,695,2,2025-02-13,2025-04-01,churned,199,2025-04-01,47,Pro,2
757,696,3,2026-06-12,,active,799,2026-06-30,18,Enterprise,3
758,697,1,2024-11-01,2025-08-01,churned,49,2025-08-01,273,Starter,1
759,698,2,2026-04-09,,active,199,2026-06-30,82,Pro,2
760,699,3,2026-05-19,,active,799,2026-06-30,42,Enterprise,3
761,700,1,2025-10-08,,active,49,2026-06-30,265,Starter,1
762,701,3,2023-07-25,,active,799,2026-06-30,1071,Enterprise,3
763,702,2,2025-02-13,2025-09-01,churned,199,2025-09-01,200,Pro,2
764,703,2,2025-10-08,2025-11-01,churned,199,2025-11-01,24,Pro,2
765,704,2,2024-07-01,,active,199,2026-06-30,729,Pro,2
766,705,3,2024-09-19,,active,799,2026-06-30,649,Enterprise,3
767,706,2,2024-09-18,,active,199,2026-06-30,650,Pro,2
768,707,1,2024-11-20,2026-03-01,churned,49,2026-03-01,466,Starter,1
769,708,2,2026-03-07,,active,199,2026-06-30,115,Pro,2
770,709,2,2026-04-28,2026-05-01,churned,199,2026-05-01,3,Pro,2
771,710,2,2026-04-05,,active,199,2026-06-30,86,Pro,2
772,711,3,2024-04-12,2026-02-01,downgraded,799,2026-02-01,660,Enterprise,3
773,711,2,2026-02-01,,active,199,2026-06-30,149,Pro,2
774,712,2,2025-09-10,,active,199,2026-06-30,293,Pro,2
775,713,2,2025-10-26,,active,199,2026-06-30,247,Pro,2
776,714,1,2026-06-18,,active,49,2026-06-30,12,Starter,1
777,715,2,2024-03-22,2025-03-01,churned,199,2025-03-01,344,Pro,2
778,716,1,2025-11-10,,active,49,2026-06-30,232,Starter,1
779,717,3,2024-09-13,2024-12-01,churned,799,2024-12-01,79,Enterprise,3
780,718,2,2024-07-20,2024-07-01,churned,199,2024-07-01,0,Pro,2
781,719,1,2024-06-19,2025-03-01,churned,49,2025-03-01,255,Starter,1
782,720,1,2026-03-08,,active,49,2026-06-30,114,Starter,1
783,721,2,2025-01-27,,active,199,2026-06-30,519,Pro,2
784,722,2,2023-12-01,2024-12-01,upgraded,199,2024-12-01,366,Pro,2
785,722,3,2024-12-01,,active,799,2026-06-30,576,Enterprise,3
786,723,1,2024-02-26,,active,49,2026-06-30,855,Starter,1
787,724,2,2024-06-14,2024-12-01,downgraded,199,2024-12-01,170,Pro,2
788,724,1,2024-12-01,2025-01-01,churned,49,2025-01-01,31,Starter,1
789,725,1,2023-10-12,,active,49,2026-06-30,992,Starter,1
790,726,1,2025-02-19,2025-12-01,upgraded,49,2025-12-01,285,Starter,1
791,726,2,2025-12-01,2026-05-01,churned,199,2026-05-01,151,Pro,2
792,727,2,2026-02-26,,active,199,2026-06-30,124,Pro,2
793,728,1,2024-04-03,2025-01-01,churned,49,2025-01-01,273,Starter,1
794,729,2,2025-05-18,2026-04-01,churned,199,2026-04-01,318,Pro,2
795,730,1,2025-08-16,,active,49,2026-06-30,318,Starter,1
796,731,2,2025-04-14,,active,199,2026-06-30,442,Pro,2
797,732,1,2025-05-14,,active,49,2026-06-30,412,Starter,1
798,733,2,2026-02-22,,active,199,2026-06-30,128,Pro,2
799,734,2,2023-07-18,2025-03-01,downgraded,199,2025-03-01,592,Pro,2
800,734,1,2025-03-01,2026-01-01,churned,49,2026-01-01,306,Starter,1
801,735,1,2024-09-03,,active,49,2026-06-30,665,Starter,1
802,736,1,2025-02-04,,active,49,2026-06-30,511,Starter,1
803,737,2,2024-10-16,2025-09-01,downgraded,199,2025-09-01,320,Pro,2
804,737,1,2025-09-01,,active,49,2026-06-30,302,Starter,1
805,738,1,2026-04-22,,active,49,2026-06-30,69,Starter,1
806,739,1,2026-01-13,,active,49,2026-06-30,168,Starter,1
807,740,1,2025-11-09,2025-11-01,churned,49,2025-11-01,0,Starter,1
808,741,1,2026-04-23,,active,49,2026-06-30,68,Starter,1
809,742,2,2026-01-14,2026-03-01,churned,199,2026-03-01,46,Pro,2
810,743,3,2023-07-13,,active,799,2026-06-30,1083,Enterprise,3
811,744,2,2026-04-16,,active,199,2026-06-30,75,Pro,2
812,745,1,2025-04-28,2025-04-01,churned,49,2025-04-01,0,Starter,1
813,746,3,2024-02-19,,active,799,2026-06-30,862,Enterprise,3
814,747,1,2025-11-15,,active,49,2026-06-30,227,Starter,1
815,748,2,2025-03-07,2025-10-01,churned,199,2025-10-01,208,Pro,2
816,749,3,2025-12-07,,active,799,2026-06-30,205,Enterprise,3
817,750,3,2024-04-11,2025-02-01,churned,799,2025-02-01,296,Enterprise,3
818,751,1,2025-07-18,,active,49,2026-06-30,347,Starter,1
819,752,1,2024-12-28,,active,49,2026-06-30,549,Starter,1
820,753,1,2025-09-14,,active,49,2026-06-30,289,Starter,1
821,754,3,2025-05-25,,active,799,2026-06-30,401,Enterprise,3
822,755,2,2026-06-04,2026-06-01,churned,199,2026-06-01,0,Pro,2
823,756,3,2026-06-09,,active,799,2026-06-30,21,Enterprise,3
824,757,2,2026-06-06,,active,199,2026-06-30,24,Pro,2
825,758,1,2024-08-13,2025-01-01,churned,49,2025-01-01,141,Starter,1
826,759,1,2025-10-02,,active,49,2026-06-30,271,Starter,1
827,760,3,2024-10-11,2025-09-01,churned,799,2025-09-01,325,Enterprise,3
828,761,1,2025-06-28,,active,49,2026-06-30,367,Starter,1
829,762,3,2023-07-10,2025-07-01,downgraded,799,2025-07-01,722,Enterprise,3
830,762,2,2025-07-01,2026-02-01,churned,199,2026-02-01,215,Pro,2
831,763,2,2024-09-24,,active,199,2026-06-30,644,Pro,2
832,764,1,2024-08-27,,active,49,2026-06-30,672,Starter,1
833,765,1,2025-11-27,,active,49,2026-06-30,215,Starter,1
834,766,1,2023-11-17,2025-06-01,churned,49,2025-06-01,562,Starter,1
835,767,2,2026-05-01,,active,199,2026-06-30,60,Pro,2
836,768,1,2026-03-08,2026-03-01,churned,49,2026-03-01,0,Starter,1
837,769,1,2023-10-09,,active,49,2026-06-30,995,Starter,1
838,770,1,2025-06-22,2025-08-01,churned,49,2025-08-01,40,Starter,1
839,771,2,2024-11-28,2026-05-01,upgraded,199,2026-05-01,519,Pro,2
840,771,3,2026-05-01,,active,799,2026-06-30,60,Enterprise,3
841,772,1,2024-01-09,2024-11-01,churned,49,2024-11-01,297,Starter,1
842,773,1,2026-05-02,,active,49,2026-06-30,59,Starter,1
843,774,3,2025-07-08,2026-01-01,downgraded,799,2026-01-01,177,Enterprise,3
844,774,2,2026-01-01,,active,199,2026-06-30,180,Pro,2
845,775,1,2025-12-17,,active,49,2026-06-30,195,Starter,1
846,776,3,2026-04-16,,active,799,2026-06-30,75,Enterprise,3
847,777,2,2024-04-08,2025-07-01,churned,199,2025-07-01,449,Pro,2
848,778,1,2025-03-21,2026-02-01,churned,49,2026-02-01,317,Starter,1
849,779,2,2023-08-09,2024-06-01,churned,199,2024-06-01,297,Pro,2
850,780,2,2025-07-13,,active,199,2026-06-30,352,Pro,2
851,781,3,2025-08-27,,active,799,2026-06-30,307,Enterprise,3
852,782,1,2025-11-22,2026-02-01,churned,49,2026-02-01,71,Starter,1
853,783,3,2026-02-11,,active,799,2026-06-30,139,Enterprise,3
854,784,2,2026-04-10,,active,199,2026-06-30,81,Pro,2
855,785,2,2026-01-26,,active,199,2026-06-30,155,Pro,2
856,786,1,2024-08-22,2025-08-01,churned,49,2025-08-01,344,Starter,1
857,787,2,2025-04-09,,active,199,2026-06-30,447,Pro,2
858,788,3,2024-05-23,2024-09-01,downgraded,799,2024-09-01,101,Enterprise,3
859,788,2,2024-09-01,,active,199,2026-06-30,667,Pro,2
860,789,1,2025-11-08,2025-12-01,churned,49,2025-12-01,23,Starter,1
861,790,1,2025-03-12,2025-05-01,churned,49,2025-05-01,50,Starter,1
862,791,2,2024-11-06,2025-04-01,churned,199,2025-04-01,146,Pro,2
863,792,2,2024-02-26,2025-07-01,downgraded,199,2025-07-01,491,Pro,2
864,792,1,2025-07-01,,active,49,2026-06-30,364,Starter,1
865,793,2,2024-02-21,,active,199,2026-06-30,860,Pro,2
866,794,2,2026-06-14,,active,199,2026-06-30,16,Pro,2
867,795,2,2025-11-15,,active,199,2026-06-30,227,Pro,2
868,796,3,2025-07-19,2025-09-01,downgraded,799,2025-09-01,44,Enterprise,3
869,796,2,2025-09-01,,active,199,2026-06-30,302,Pro,2
870,797,3,2024-05-04,,active,799,2026-06-30,787,Enterprise,3
871,798,2,2025-09-28,,active,199,2026-06-30,275,Pro,2
872,799,2,2026-03-19,,active,199,2026-06-30,103,Pro,2
873,800,1,2023-12-23,2024-02-01,churned,49,2024-02-01,40,Starter,1
874,801,1,2025-08-11,,active,49,2026-06-30,323,Starter,1
875,802,1,2026-02-25,,active,49,2026-06-30,125,Starter,1
876,803,1,2023-11-25,2024-08-01,churned,49,2024-08-01,250,Starter,1
877,804,3,2024-04-14,,active,799,2026-06-30,807,Enterprise,3
878,805,1,2025-04-24,,active,49,2026-06-30,432,Starter,1
879,806,1,2024-02-17,2025-09-01,upgraded,49,2025-09-01,562,Starter,1
880,806,2,2025-09-01,2026-01-01,churned,199,2026-01-01,122,Pro,2
881,807,2,2025-05-08,2025-10-01,upgraded,199,2025-10-01,146,Pro,2
882,807,3,2025-10-01,,active,799,2026-06-30,272,Enterprise,3
883,808,1,2024-06-17,2025-06-01,churned,49,2025-06-01,349,Starter,1
884,809,2,2024-02-10,,active,199,2026-06-30,871,Pro,2
885,810,3,2026-01-22,,active,799,2026-06-30,159,Enterprise,3
886,811,2,2025-03-25,,active,199,2026-06-30,462,Pro,2
887,812,2,2025-08-01,,active,199,2026-06-30,333,Pro,2
888,813,1,2024-09-01,,active,49,2026-06-30,667,Starter,1
889,814,1,2025-06-26,,active,49,2026-06-30,369,Starter,1
890,815,1,2025-08-20,2026-03-01,churned,49,2026-03-01,193,Starter,1
891,816,1,2025-09-27,2025-10-01,churned,49,2025-10-01,4,Starter,1
892,817,1,2026-04-04,,active,49,2026-06-30,87,Starter,1
893,818,1,2024-01-22,2024-08-01,churned,49,2024-08-01,192,Starter,1
894,819,2,2025-07-17,,active,199,2026-06-30,348,Pro,2
895,820,1,2026-05-04,,active,49,2026-06-30,57,Starter,1
896,821,1,2024-09-04,2026-02-01,churned,49,2026-02-01,515,Starter,1
897,822,3,2024-01-17,2024-06-01,downgraded,799,2024-06-01,136,Enterprise,3
898,822,2,2024-06-01,2024-11-01,churned,199,2024-11-01,153,Pro,2
899,823,1,2026-03-02,,active,49,2026-06-30,120,Starter,1
900,824,2,2026-04-11,,active,199,2026-06-30,80,Pro,2
901,825,1,2025-07-27,,active,49,2026-06-30,338,Starter,1
902,826,2,2025-04-17,2025-08-01,churned,199,2025-08-01,106,Pro,2
903,827,3,2025-08-08,,active,799,2026-06-30,326,Enterprise,3
904,828,2,2024-02-04,2024-05-01,downgraded,199,2024-05-01,87,Pro,2
905,828,1,2024-05-01,2025-11-01,churned,49,2025-11-01,549,Starter,1
906,829,3,2025-03-26,,active,799,2026-06-30,461,Enterprise,3
907,830,2,2025-09-25,2025-11-01,upgraded,199,2025-11-01,37,Pro,2
908,830,3,2025-11-01,,active,799,2026-06-30,241,Enterprise,3
909,831,1,2024-12-06,2024-12-01,churned,49,2024-12-01,0,Starter,1
910,832,2,2025-05-24,2025-08-01,churned,199,2025-08-01,69,Pro,2
911,833,2,2024-02-13,,active,199,2026-06-30,868,Pro,2
912,834,2,2024-07-16,,active,199,2026-06-30,714,Pro,2
913,835,2,2026-05-05,,active,199,2026-06-30,56,Pro,2
914,836,3,2024-07-04,,active,799,2026-06-30,726,Enterprise,3
915,837,2,2025-08-15,2025-10-01,churned,199,2025-10-01,47,Pro,2
916,838,1,2025-04-28,2025-09-01,churned,49,2025-09-01,126,Starter,1
917,839,3,2025-11-16,,active,799,2026-06-30,226,Enterprise,3
918,840,1,2023-10-03,2024-02-01,churned,49,2024-02-01,121,Starter,1
919,841,2,2026-06-17,,active,199,2026-06-30,13,Pro,2
920,842,2,2026-03-28,,active,199,2026-06-30,94,Pro,2
921,843,2,2025-02-14,,active,199,2026-06-30,501,Pro,2
922,844,1,2025-10-21,,active,49,2026-06-30,252,Starter,1
923,845,1,2025-09-02,2026-04-01,churned,49,2026-04-01,211,Starter,1
924,846,2,2025-07-28,2026-03-01,upgraded,199,2026-03-01,216,Pro,2
925,846,3,2026-03-01,,active,799,2026-06-30,121,Enterprise,3
926,847,2,2026-06-08,,active,199,2026-06-30,22,Pro,2
927,848,2,2026-05-21,,active,199,2026-06-30,40,Pro,2
928,849,1,2026-01-26,,active,49,2026-06-30,155,Starter,1
929,850,3,2024-09-04,,active,799,2026-06-30,664,Enterprise,3
930,851,1,2025-08-14,2026-05-01,churned,49,2026-05-01,260,Starter,1
931,852,3,2023-11-20,,active,799,2026-06-30,953,Enterprise,3
932,853,3,2025-08-07,,active,799,2026-06-30,327,Enterprise,3
933,854,2,2026-01-02,,active,199,2026-06-30,179,Pro,2
934,855,1,2025-04-20,2025-11-01,churned,49,2025-11-01,195,Starter,1
935,856,1,2024-03-04,2025-03-01,churned,49,2025-03-01,362,Starter,1
936,857,1,2025-08-27,2026-02-01,churned,49,2026-02-01,158,Starter,1
937,858,1,2025-06-23,,active,49,2026-06-30,372,Starter,1
938,859,1,2024-04-23,2025-02-01,churned,49,2025-02-01,284,Starter,1
939,860,1,2024-03-07,2024-07-01,churned,49,2024-07-01,116,Starter,1
940,861,1,2024-07-26,2025-07-01,churned,49,2025-07-01,340,Starter,1
941,862,3,2024-10-21,,active,799,2026-06-30,617,Enterprise,3
942,863,2,2025-02-15,,active,199,2026-06-30,500,Pro,2
943,864,1,2025-03-01,2026-06-01,churned,49,2026-06-01,457,Starter,1
944,865,3,2026-01-19,,active,799,2026-06-30,162,Enterprise,3
945,866,3,2024-06-23,,active,799,2026-06-30,737,Enterprise,3
946,867,1,2024-06-22,,active,49,2026-06-30,738,Starter,1
947,868,3,2023-10-14,,active,799,2026-06-30,990,Enterprise,3
948,869,3,2025-07-13,,active,799,2026-06-30,352,Enterprise,3
949,870,1,2025-07-05,2026-02-01,churned,49,2026-02-01,211,Starter,1
950,871,2,2024-12-27,,active,199,2026-06-30,550,Pro,2
951,872,2,2026-04-21,,active,199,2026-06-30,70,Pro,2
952,873,3,2024-02-12,,active,799,2026-06-30,869,Enterprise,3
953,874,2,2025-08-17,,active,199,2026-06-30,317,Pro,2
954,875,2,2026-04-12,,active,199,2026-06-30,79,Pro,2
955,876,3,2026-01-14,,active,799,2026-06-30,167,Enterprise,3
956,877,3,2026-06-14,,active,799,2026-06-30,16,Enterprise,3
957,878,1,2024-11-02,2025-06-01,churned,49,2025-06-01,211,Starter,1
958,879,2,2025-04-10,2026-03-01,churned,199,2026-03-01,325,Pro,2
959,880,1,2023-12-10,,active,49,2026-06-30,933,Starter,1
960,881,1,2024-08-04,2025-06-01,churned,49,2025-06-01,301,Starter,1
961,882,2,2026-05-24,,active,199,2026-06-30,37,Pro,2
962,883,2,2025-02-26,,active,199,2026-06-30,489,Pro,2
963,884,1,2024-08-13,2026-04-01,churned,49,2026-04-01,596,Starter,1
964,885,1,2025-03-02,,active,49,2026-06-30,485,Starter,1
965,886,3,2024-12-28,,active,799,2026-06-30,549,Enterprise,3
966,887,3,2024-11-23,,active,799,2026-06-30,584,Enterprise,3
967,888,2,2025-03-07,2025-10-01,downgraded,199,2025-10-01,208,Pro,2
968,888,1,2025-10-01,,active,49,2026-06-30,272,Starter,1
969,889,1,2024-09-22,2025-04-01,churned,49,2025-04-01,191,Starter,1
970,890,1,2025-10-13,2026-04-01,upgraded,49,2026-04-01,170,Starter,1
971,890,2,2026-04-01,,active,199,2026-06-30,90,Pro,2
972,891,2,2024-05-19,2025-07-01,churned,199,2025-07-01,408,Pro,2
973,892,1,2025-12-02,,active,49,2026-06-30,210,Starter,1
974,893,2,2024-01-20,,active,199,2026-06-30,892,Pro,2
975,894,1,2023-12-12,2025-04-01,churned,49,2025-04-01,476,Starter,1
976,895,1,2024-09-17,,active,49,2026-06-30,651,Starter,1
977,896,1,2025-11-13,,active,49,2026-06-30,229,Starter,1
978,897,1,2023-11-11,2024-10-01,churned,49,2024-10-01,325,Starter,1
979,898,3,2025-05-16,2025-10-01,churned,799,2025-10-01,138,Enterprise,3
980,899,3,2025-12-04,,active,799,2026-06-30,208,Enterprise,3
981,900,2,2026-06-20,,active,199,2026-06-30,10,Pro,2
982,901,3,2024-06-26,,active,799,2026-06-30,734,Enterprise,3
983,902,3,2024-05-01,,active,799,2026-06-30,790,Enterprise,3
984,903,1,2023-09-17,2025-09-01,churned,49,2025-09-01,715,Starter,1
985,904,3,2024-05-11,,active,799,2026-06-30,780,Enterprise,3
986,905,1,2026-03-18,,active,49,2026-06-30,104,Starter,1
987,906,1,2025-02-25,2026-05-01,churned,49,2026-05-01,430,Starter,1
988,907,3,2026-04-18,,active,799,2026-06-30,73,Enterprise,3
989,908,3,2025-05-21,2025-12-01,downgraded,799,2025-12-01,194,Enterprise,3
990,908,2,2025-12-01,,active,199,2026-06-30,211,Pro,2
991,909,2,2025-10-15,,active,199,2026-06-30,258,Pro,2
992,910,1,2025-06-26,2025-11-01,churned,49,2025-11-01,128,Starter,1
993,911,2,2024-07-14,2024-11-01,downgraded,199,2024-11-01,110,Pro,2
994,911,1,2024-11-01,2025-01-01,churned,49,2025-01-01,61,Starter,1
995,912,1,2024-08-13,2025-10-01,churned,49,2025-10-01,414,Starter,1
996,913,2,2025-07-03,,active,199,2026-06-30,362,Pro,2
997,914,3,2025-01-12,2025-12-01,churned,799,2025-12-01,323,Enterprise,3
998,915,1,2024-04-20,2024-05-01,churned,49,2024-05-01,11,Starter,1
999,916,1,2025-12-27,,active,49,2026-06-30,185,Starter,1
1000,917,2,2024-11-24,,active,199,2026-06-30,583,Pro,2
1001,918,2,2025-08-05,2026-06-01,upgraded,199,2026-06-01,300,Pro,2
1002,918,3,2026-06-01,,active,799,2026-06-30,29,Enterprise,3
1003,919,3,2024-02-24,,active,799,2026-06-30,857,Enterprise,3
1004,920,1,2024-08-18,,active,49,2026-06-30,681,Starter,1
1005,921,2,2026-05-18,,active,199,2026-06-30,43,Pro,2
1006,922,1,2026-04-24,,active,49,2026-06-30,67,Starter,1
1007,923,2,2023-11-05,2025-06-01,churned,199,2025-06-01,574,Pro,2
1008,924,2,2025-09-04,,active,199,2026-06-30,299,Pro,2
1009,925,3,2025-08-25,,active,799,2026-06-30,309,Enterprise,3
1010,926,1,2024-03-03,2024-06-01,churned,49,2024-06-01,90,Starter,1
1011,927,1,2025-09-19,2026-02-01,churned,49,2026-02-01,135,Starter,1
1012,928,1,2025-10-08,,active,49,2026-06-30,265,Starter,1
1013,929,3,2025-04-16,,active,799,2026-06-30,440,Enterprise,3
1014,930,1,2025-03-05,,active,49,2026-06-30,482,Starter,1
1015,931,1,2024-08-06,,active,49,2026-06-30,693,Starter,1
1016,932,1,2024-06-21,2024-07-01,churned,49,2024-07-01,10,Starter,1
1017,933,2,2024-09-11,,active,199,2026-06-30,657,Pro,2
1018,934,1,2025-11-16,,active,49,2026-06-30,226,Starter,1
1019,935,3,2024-05-09,2024-06-01,churned,799,2024-06-01,23,Enterprise,3
1020,936,3,2026-06-24,,active,799,2026-06-30,6,Enterprise,3
1021,937,1,2025-09-28,2026-03-01,churned,49,2026-03-01,154,Starter,1
1022,938,2,2025-11-25,,active,199,2026-06-30,217,Pro,2
1023,939,2,2025-02-18,2025-11-01,churned,199,2025-11-01,256,Pro,2
1024,940,1,2024-09-25,,active,49,2026-06-30,643,Starter,1
1025,941,1,2025-08-17,,active,49,2026-06-30,317,Starter,1
1026,942,2,2025-07-28,,active,199,2026-06-30,337,Pro,2
1027,943,1,2024-04-17,2024-12-01,churned,49,2024-12-01,228,Starter,1
1028,944,3,2026-05-22,,active,799,2026-06-30,39,Enterprise,3
1029,945,2,2026-02-02,2026-04-01,upgraded,199,2026-04-01,58,Pro,2
1030,945,3,2026-04-01,,active,799,2026-06-30,90,Enterprise,3
1031,946,1,2025-02-08,2025-02-01,churned,49,2025-02-01,0,Starter,1
1032,947,3,2025-03-13,,active,799,2026-06-30,474,Enterprise,3
1033,948,1,2025-09-11,,active,49,2026-06-30,292,Starter,1
1034,949,2,2026-02-27,,active,199,2026-06-30,123,Pro,2
1035,950,2,2025-12-21,,active,199,2026-06-30,191,Pro,2
1036,951,2,2025-05-17,,active,199,2026-06-30,409,Pro,2
1037,952,2,2024-05-12,2024-08-01,upgraded,199,2024-08-01,81,Pro,2
1038,952,3,2024-08-01,,active,799,2026-06-30,698,Enterprise,3
1039,953,2,2025-05-01,2025-10-01,downgraded,199,2025-10-01,153,Pro,2
1040,953,1,2025-10-01,2026-03-01,churned,49,2026-03-01,151,Starter,1
1041,954,1,2025-01-17,2025-03-01,churned,49,2025-03-01,43,Starter,1
1042,955,1,2024-05-20,2025-03-01,churned,49,2025-03-01,285,Starter,1
1043,956,1,2025-07-11,,active,49,2026-06-30,354,Starter,1
1044,957,1,2025-04-19,2025-07-01,churned,49,2025-07-01,73,Starter,1
1045,958,1,2025-09-05,,active,49,2026-06-30,298,Starter,1
1046,959,1,2025-08-19,,active,49,2026-06-30,315,Starter,1
1047,960,3,2023-10-13,2025-06-01,downgraded,799,2025-06-01,597,Enterprise,3
1048,960,2,2025-06-01,,active,199,2026-06-30,394,Pro,2
1049,961,1,2026-04-24,,active,49,2026-06-30,67,Starter,1
1050,962,3,2024-03-20,2025-10-01,churned,799,2025-10-01,560,Enterprise,3
1051,963,1,2024-07-14,2025-07-01,churned,49,2025-07-01,352,Starter,1
1052,964,2,2025-12-20,2026-06-01,downgraded,199,2026-06-01,163,Pro,2
1053,964,1,2026-06-01,,active,49,2026-06-30,29,Starter,1
1054,965,2,2026-06-15,,active,199,2026-06-30,15,Pro,2
1055,966,1,2026-04-04,,active,49,2026-06-30,87,Starter,1
1056,967,3,2025-11-14,,active,799,2026-06-30,228,Enterprise,3
1057,968,1,2024-01-20,2025-10-01,churned,49,2025-10-01,620,Starter,1
1058,969,2,2023-07-03,2024-05-01,churned,199,2024-05-01,303,Pro,2
1059,970,3,2023-08-01,2023-12-01,churned,799,2023-12-01,122,Enterprise,3
1060,971,2,2026-05-14,,active,199,2026-06-30,47,Pro,2
1061,972,2,2024-04-26,,active,199,2026-06-30,795,Pro,2
1062,973,2,2025-05-24,,active,199,2026-06-30,402,Pro,2
1063,974,2,2025-06-05,2025-08-01,downgraded,199,2025-08-01,57,Pro,2
1064,974,1,2025-08-01,,active,49,2026-06-30,333,Starter,1
1065,975,3,2025-07-10,,active,799,2026-06-30,355,Enterprise,3
1066,976,1,2026-05-23,,active,49,2026-06-30,38,Starter,1
1067,977,2,2024-09-01,2026-03-01,downgraded,199,2026-03-01,546,Pro,2
1068,977,1,2026-03-01,,active,49,2026-06-30,121,Starter,1
1069,978,1,2024-04-12,2025-03-01,churned,49,2025-03-01,323,Starter,1
1070,979,2,2025-02-28,2025-08-01,downgraded,199,2025-08-01,154,Pro,2
1071,979,1,2025-08-01,,active,49,2026-06-30,333,Starter,1
1072,980,2,2025-09-13,2026-01-01,downgraded,199,2026-01-01,110,Pro,2
1073,980,1,2026-01-01,,active,49,2026-06-30,180,Starter,1
1074,981,2,2024-07-06,2025-03-01,downgraded,199,2025-03-01,238,Pro,2
1075,981,1,2025-03-01,2025-12-01,churned,49,2025-12-01,275,Starter,1
1076,982,1,2026-01-19,,active,49,2026-06-30,162,Starter,1
1077,983,2,2026-05-28,,active,199,2026-06-30,33,Pro,2
1078,984,1,2025-05-06,2025-07-01,churned,49,2025-07-01,56,Starter,1
1079,985,2,2025-07-18,2026-02-01,churned,199,2026-02-01,198,Pro,2
1080,986,1,2024-03-21,2024-04-01,churned,49,2024-04-01,11,Starter,1
1081,987,1,2024-11-14,,active,49,2026-06-30,593,Starter,1
1082,988,1,2025-08-02,,active,49,2026-06-30,332,Starter,1
1083,989,1,2026-05-17,,active,49,2026-06-30,44,Starter,1
1084,990,1,2024-12-27,2025-05-01,churned,49,2025-05-01,125,Starter,1
1085,991,2,2026-01-22,,active,199,2026-06-30,159,Pro,2
1086,992,1,2026-04-20,,active,49,2026-06-30,71,Starter,1
1087,993,2,2025-04-02,,active,199,2026-06-30,454,Pro,2
1088,994,3,2025-04-09,,active,799,2026-06-30,447,Enterprise,3
1089,995,1,2023-07-07,2023-10-01,churned,49,2023-10-01,86,Starter,1
1090,996,1,2024-08-18,2026-04-01,churned,49,2026-04-01,591,Starter,1
1091,997,3,2025-06-12,,active,799,2026-06-30,383,Enterprise,3
1092,998,3,2024-12-15,,active,799,2026-06-30,562,Enterprise,3
1093,999,1,2026-02-17,,active,49,2026-06-30,133,Starter,1
1094,1000,1,2023-12-26,2023-12-01,churned,49,2023-12-01,0,Starter,1
