customer_id,company_name,country,industry,employee_size_band,signup_date
1,"Rodriguez, Figueroa and Sanchez",United Kingdom,Management Consulting,1-10,2024-11-08
2,Doyle Ltd,Germany,Digital Agency,11-50,2024-02-03
3,"Mcclain, Miller and Henderson",United States,Design Studio,1-10,2024-10-17
4,Davis and Sons,United Kingdom,PR Agency,11-50,2025-10-18
5,"Guzman, Hoffman and Baldwin",United Kingdom,Dev Shop / Software Consulting,1-10,2026-02-01
6,"Gardner, Robinson and Lawrence",United States,Management Consulting,1-10,2025-10-05
7,Blake and Sons,Germany,Branding Agency,1-10,2025-07-04
8,"Henderson, Ramirez and Lewis",United States,Marketing Agency,1-10,2026-04-24
9,Garcia-James,United States,Marketing Agency,51+,2024-11-18
10,Abbott-Munoz,United Kingdom,Management Consulting,51+,2026-06-19
11,Blair PLC,United States,Dev Shop / Software Consulting,11-50,2026-01-10
12,Dudley Group,Portugal,Branding Agency,51+,2026-06-09
13,Arnold Ltd,Germany,Management Consulting,1-10,2025-06-07
14,"Mcclure, Ward and Lee",Germany,Marketing Agency,11-50,2024-10-20
15,Williams and Sons,United Kingdom,Branding Agency,1-10,2025-05-13
16,Galloway-Wyatt,Portugal,Design Studio,11-50,2026-02-22
17,James Group,Germany,Dev Shop / Software Consulting,1-10,2025-11-02
18,"Flowers, Martin and Kelly",United Kingdom,Digital Agency,1-10,2026-06-23
19,"Adams, Zuniga and Wong",Germany,PR Agency,1-10,2026-03-15
20,"Reid, Ferguson and Sanchez",United States,Digital Agency,11-50,2026-04-09
21,Gray-Mayo,United Kingdom,Management Consulting,11-50,2025-02-08
22,"Watts, Robinson and Nguyen",United States,Dev Shop / Software Consulting,1-10,2026-02-02
23,Perez Inc,United States,PR Agency,1-10,2025-11-14
24,Morales-Jones,United States,Branding Agency,11-50,2026-03-17
25,"Walter, Edwards and Rios",United Kingdom,PR Agency,51+,2025-12-24
26,Wilkerson-Day,Portugal,Dev Shop / Software Consulting,11-50,2023-09-21
27,Baker and Sons,United States,Marketing Agency,1-10,2026-02-24
28,"Hoffman, Baker and Richards",United States,Design Studio,11-50,2025-01-17
29,"Ross, Robinson and Bright",Portugal,PR Agency,1-10,2024-11-17
30,"Snyder, Campos and Callahan",United States,Digital Agency,11-50,2025-04-25
31,Burton Ltd,Portugal,Branding Agency,11-50,2024-11-01
32,Carlson-Cruz,United States,Dev Shop / Software Consulting,51+,2025-07-10
33,"Ferrell, Rice and Maddox",United States,Marketing Agency,11-50,2025-09-03
34,Frazier Inc,Germany,Digital Agency,51+,2024-12-25
35,"Dyer, Potter and Mack",GERMANY,Design Studio,51+,2025-08-09
36,Rodriguez-Graham,United Kingdom,Digital Agency,51+,2024-07-25
37,Smith-Bowen,United States,PR Agency,1-10,2024-01-21
38,"Baker, Mason and White",Portugal,Design Studio,1-10,2024-07-08
39,Harrell LLC,United States,Digital Agency,11-50,2026-03-08
40,"Romero, Gonzalez and Brooks",Germany,Marketing Agency,1-10,2026-01-02
41,Ryan PLC,United States,PR Agency,1-10,2026-01-16
42,George Group,United States,Digital Agency,51+,2025-06-19
43,Rodriguez LLC,Germany,Design Studio,11-50,2024-02-04
44,Allen-Allen,United Kingdom,Branding Agency,1-10,2026-01-28
45,"Arroyo, Miller and Tucker",Germany,Marketing Agency,51+,2024-05-02
46,Spence PLC,United States,Design Studio,51+,2023-12-07
47,Anderson Group,United Kingdom,Management Consulting,1-10,2023-08-15
48,"Martin, Rose and Obrien",Portugal,Dev Shop / Software Consulting,1-10,2025-04-28
49,Hickman Ltd,United States,Dev Shop / Software Consulting,51+,2023-12-01
50,"Harris, Collins and Carney",Portugal,Design Studio,11-50,2024-03-14
51,"Brooks, Lam and Hayes",United States,Marketing Agency,1-10,2026-04-06
52,Walker LLC,Portugal,Dev Shop / Software Consulting,1-10,2026-03-26
53,Chapman and Sons,United Kingdom,Dev Shop / Software Consulting,51+,2025-08-18
54,"Robinson, Jones and Welch",United Kingdom,Design Studio,1-10,2026-01-02
55,Jones Inc,United Kingdom,Marketing Agency,11-50,2024-09-02
56,Jones-Young,United Kingdom,Design Studio,51+,2026-01-02
57,"Washington, Ryan and Cummings",United States,Digital Agency,1-10,2026-04-03
58,"Johnston, Sanchez and Kennedy",United States,Digital Agency,1-10,2025-05-08
59,Lee-Davis,United States,PR Agency,1-10,2023-10-19
60,Gomez-Jenkins,United States,PR Agency,1-10,2023-09-23
61,"Brown, Valdez and Lucas",United States,PR Agency,1-10,2025-08-10
62,Powell LLC,Portugal,Marketing Agency,51+,2025-10-15
63,Wright and Sons,United Kingdom,Digital Agency,1-10,2026-01-07
64,"West, Henderson and Ramirez",United States,Marketing Agency,1-10,2025-03-08
65,Baxter Inc,United States,PR Agency,11-50,2025-08-10
66,Morton-Chase,Portugal,Marketing Agency,11-50,2024-01-22
67,Williams PLC,United States,Design Studio,11-50,2025-04-09
68,Novak and Sons,United States,Management Consulting,11-50,2025-05-10
69,Russell Group,Germany,PR Agency,1-10,2026-03-28
70,Hancock Inc,United Kingdom,Dev Shop / Software Consulting,51+,2025-07-02
71,Gray Group,United Kingdom,Marketing Agency,1-10,2026-04-11
72,House-Glover,United Kingdom,PR Agency,1-10,2025-10-15
73,Henderson-Bernard,United Kingdom,Marketing Agency,1-10,2026-04-23
74,"Stanley, Tucker and Lee",United Kingdom,Digital Agency,11-50,2024-05-18
75,Novak PLC,United States,Dev Shop / Software Consulting,1-10,2024-09-28
76,"Daniels, Adkins and Brown",United States,PR Agency,11-50,2025-07-04
77,"Woods, Calhoun and Schmidt",United Kingdom,,51+,2025-01-24
78,Yu Inc,Portugal,Dev Shop / Software Consulting,51+,2026-05-26
79,Jones Inc,United Kingdom,Management Consulting,1-10,2024-12-26
80,"Hensley, Powell and David",Germany,Dev Shop / Software Consulting,51+,2024-07-08
81,"Sanchez, Wheeler and Harvey",Germany,Dev Shop / Software Consulting,1-10,2024-11-02
82,Sandoval-Cunningham,United States,Branding Agency,11-50,2025-03-12
83,Donovan-Harris,Germany,Marketing Agency,1-10,2026-06-22
84,"Edwards, Baker and Anderson",United States,Dev Shop / Software Consulting,51+,2024-02-09
85,"Evans, Stewart and Walton",United Kingdom,Dev Shop / Software Consulting,11-50,2023-11-18
86,Smith PLC,United States,Management Consulting,51+,2024-09-06
87,"Ferrell, Jones and Lewis",Portugal,Digital Agency,1-10,2025-12-14
88,Anderson-Bailey,Germany,Digital Agency,1-10,2025-03-04
89,Suarez LLC,United Kingdom,PR Agency,1-10,2025-07-14
90,Moore-Bass,Portugal,PR Agency,11-50,2025-07-24
91,"Turner, Riggs and Roman",United States,PR Agency,1-10,2025-01-11
92,"Smith, Montoya and Evans",Germany,Management Consulting,1-10,2024-10-17
93,"Garcia, Humphrey and Baker",United Kingdom,Management Consulting,1-10,2026-03-18
94,Newton and Sons,United Kingdom,PR Agency,51+,2023-10-24
95,Campbell-Clark,United Kingdom,Digital Agency,1-10,2025-01-27
96,Harris-Walters,United States,Digital Agency,1-10,2025-07-20
97,Wagner-King,United Kingdom,Design Studio,1-10,2026-01-17
98,Davis Group,Portugal,Design Studio,11-50,2024-12-22
99,Williams-Cook,United Kingdom,Management Consulting,11-50,2024-09-03
100,Walsh LLC,Germany,Design Studio,11-50,2025-12-26
101,Figueroa PLC,United States,Branding Agency,1-10,2025-03-20
102,"Patterson, Smith and Jones",United States,PR Agency,1-10,2025-06-19
103,"Mckee, Gardner and Davenport",Germany,Design Studio,1-10,2023-08-05
104,"Tran, Jordan and Williams",United States,Dev Shop / Software Consulting,11-50,2026-02-04
105,Nolan-Flynn,United States,PR Agency,11-50,2026-05-17
106,Nolan and Sons,United Kingdom,Marketing Agency,51+,2026-05-15
107,"Wright, Garcia and Deleon",United Kingdom,Digital Agency,11-50,2025-12-20
108,Dickson-Brady,Germany,Dev Shop / Software Consulting,1-10,2025-09-24
109,Hancock and Sons,United Kingdom,Branding Agency,51+,2025-05-06
110,Johnson-Doyle,United Kingdom,Design Studio,1-10,2024-09-27
111,Patton-Jenkins,Germany,PR Agency,11-50,2024-06-08
112,"Shields, Cochran and Adams",United States,Management Consulting,1-10,2025-09-11
113,"Rodriguez, Brennan and Garrison",United Kingdom,Design Studio,1-10,2026-03-13
114,Gonzalez Group,Germany,Branding Agency,1-10,2025-02-11
115,Torres-Pope,United Kingdom,Branding Agency,1-10,2026-01-13
116,Walker Ltd,United Kingdom,Dev Shop / Software Consulting,11-50,2023-11-25
117,Ross LLC,United Kingdom,Management Consulting,51+,2026-06-25
118,Rasmussen LLC,Portugal,Digital Agency,11-50,2024-12-24
119,May-Ross,Germany,Branding Agency,51+,2026-05-08
120,"Rivera, Johnson and Wiley",united kingdom,PR Agency,1-10,2025-12-22
121,White-Estes,Germany,Design Studio,11-50,2023-09-20
122,Johnson-Carlson,Portugal,PR Agency,11-50,2024-05-01
123,Chandler-Edwards, United Kingdom ,Design Studio,51+,2026-04-02
124,"Joyce, Wilson and Lam",United States,Management Consulting,1-10,2026-02-25
125,Scott Ltd,United States,Branding Agency,51+,2025-09-09
126,Smith-Frost,United Kingdom,Marketing Agency,11-50,2026-06-12
127,"Mcdaniel, Bentley and Mclaughlin",United States,Marketing Agency,51+,2024-09-25
128,Diaz Inc,United States,Digital Agency,11-50,2026-06-05
129,"Mccall, Hanson and Alvarado",United Kingdom,Design Studio,1-10,2026-03-15
130,Cortez LLC,Germany,Digital Agency,1-10,2025-07-24
131,"Parker, Ortiz and Powell",Germany,Management Consulting,1-10,2025-06-04
132,Spencer-Lee,Portugal,Branding Agency,11-50,2026-02-13
133,"Bentley, Byrd and Orr",United States,Dev Shop / Software Consulting,11-50,2025-03-21
134,"Carroll, Sullivan and Bass",Germany,PR Agency,1-10,2023-08-20
135,Mitchell-Jordan,Germany,Marketing Agency,11-50,2025-12-12
136,"Lawson, Morris and Ramos",Germany,PR Agency,1-10,2024-11-11
137,"Lewis, Kennedy and Santana",United Kingdom,,1-10,2024-10-12
138,"Jackson, Miller and Robertson",Germany,Branding Agency,11-50,2025-08-06
139,"Harvey, Davis and Crane",Portugal,Dev Shop / Software Consulting,1-10,2025-03-18
140,Chambers and Sons,United Kingdom,Digital Agency,11-50,2024-01-09
141,Hernandez Inc,United States,Management Consulting,51+,2024-06-15
142,Riggs PLC,United Kingdom,Branding Agency,11-50,2025-11-11
143,Gibson Ltd,Portugal,Design Studio,1-10,2024-08-12
144,"Lee, Horton and Snyder",united states,PR Agency,51+,2024-10-09
145,Hernandez Ltd,United Kingdom,Design Studio,1-10,2026-06-24
146,Stafford Inc,United Kingdom,Branding Agency,1-10,2026-06-21
147,Robinson-Brock,United Kingdom,Management Consulting,1-10,2026-01-08
148,"Holmes, Williams and Wright",United States,Management Consulting,11-50,2024-04-16
149,Bryant Group,United States,Digital Agency,51+,2023-12-11
150,"Schmidt, Hansen and Stewart",United Kingdom,Design Studio,1-10,2023-12-04
151,Salazar-Ball,United States,Dev Shop / Software Consulting,11-50,2025-10-23
152,"Simmons, Meadows and Griffin",United States,PR Agency,1-10,2026-05-19
153,Manning Group,United Kingdom,Marketing Agency,1-10,2025-06-27
154,Green-Wright,United States,Marketing Agency,1-10,2025-07-23
155,"Ramirez, Strickland and Washington",United States,Digital Agency,51+,2024-05-10
156,Hill Inc,United States,Branding Agency,51+,2026-06-04
157,"Mitchell, Nelson and Flores",United Kingdom,Branding Agency,1-10,2025-11-11
158,"Miller, Hernandez and Reyes",United States,Branding Agency,51+,2024-12-04
159,Mccarthy Inc,United Kingdom,PR Agency,1-10,2025-10-22
160,Russell-Daniels,United States,Management Consulting,11-50,2023-10-03
161,Brown-Wall,United States,Digital Agency,11-50,2025-07-20
162,Stein-Silva,United States,Branding Agency,11-50,2025-12-15
163,"Smith, Gilmore and Johnston",United Kingdom,Digital Agency,1-10,2024-08-20
164,Smith-Bell,Portugal,Dev Shop / Software Consulting,1-10,2025-11-07
165,Castaneda-Ashley,United States,Design Studio,1-10,2026-06-06
166,Medina-Navarro,United States,PR Agency,1-10,2025-09-20
167,"Hurst, Freeman and Nelson",United States,Management Consulting,1-10,2025-07-23
168,Johnson-Rogers,United States,Management Consulting,1-10,2025-10-26
169,"Yates, Ramsey and Pittman",United Kingdom,Design Studio,11-50,2024-10-14
170,Hooper PLC,United States,Management Consulting,1-10,2024-03-27
171,Meadows PLC,United States,Digital Agency,11-50,2024-10-24
172,"Alvarado, Miller and Patterson",Portugal,Branding Agency,1-10,2025-09-23
173,White-Green,United Kingdom,Digital Agency,1-10,2024-11-16
174,Lewis-Murphy,United Kingdom,PR Agency,51+,2025-01-11
175,Ramirez-Bean,United States,PR Agency,1-10,2024-08-27
176,King-Miller,United Kingdom,Dev Shop / Software Consulting,1-10,2024-03-22
177,Curry Inc,United Kingdom,Design Studio,11-50,2025-02-16
178,Walker-Jones,United Kingdom,Digital Agency,1-10,2026-02-14
179,"Williams, Johnson and Wright",United Kingdom,Management Consulting,1-10,2025-01-14
180,Howell and Sons,Germany,Management Consulting,51+,2023-10-14
181,Wells Inc,united states,Dev Shop / Software Consulting,51+,2026-06-25
182,"Gould, Marshall and Scott",United Kingdom,Management Consulting,1-10,2025-11-04
183,Jackson-Lawson,United Kingdom,Marketing Agency,11-50,2026-01-22
184,"Higgins, Strickland and Martin",Untd Kingdom,Digital Agency,1-10,2025-07-12
185,Rodriguez-Johnson,United Kingdom,Marketing Agency,1-10,2024-10-07
186,Johnston-Odonnell,United States,PR Agency,1-10,2025-08-16
187,Sanders-Espinoza,Portugal,Design Studio,11-50,2025-01-23
188,Vargas Ltd,United Kingdom,Marketing Agency,11-50,2025-03-08
189,Garcia LLC,Portugal,Marketing Agency,1-10,2023-12-21
190,"Burke, Martinez and Riggs",United Kingdom,Digital Agency,11-50,2025-08-23
191,Reed Group,Germany,Design Studio,51+,2024-02-15
192,"Wood, Hunter and Peterson",UNITED STATES,Digital Agency,51+,2026-03-24
193,Short-Garcia,Portugal,Dev Shop / Software Consulting,1-10,2024-04-28
194,Reid-Poole,Portugal,Dev Shop / Software Consulting,11-50,2025-08-01
195,"Hernandez, Thompson and Boyd",United States,PR Agency,11-50,2024-07-16
196,"Nelson, Morton and Medina",United Kingdom,Management Consulting,1-10,2024-10-18
197,Marshall-Petersen,United States,Dev Shop / Software Consulting,51+,2023-09-07
198,"Adams, Christian and Rivas",United States,Dev Shop / Software Consulting,1-10,2026-04-25
199,Ramirez Group,United States,Dev Shop / Software Consulting,1-10,2025-03-13
200,Christensen PLC,Germany,Design Studio,11-50,2025-06-16
201,"Barnett, Rogers and Snyder",United States,Management Consulting,51+,2026-03-28
202,White-Lewis,Germany,Branding Agency,1-10,2023-08-01
203,Peterson-Beard,United Kingdom,Design Studio,11-50,2023-07-03
204,"Beard, Peters and Black",Portugal,PR Agency,1-10,2024-06-13
205,Miller Ltd,Portugal,Dev Shop / Software Consulting,51+,2023-10-18
206,Freeman-Chang,United States,Dev Shop / Software Consulting,11-50,2026-01-16
207,"Alvarez, Joseph and West",United States,PR Agency,1-10,2024-10-22
208,Davis and Sons,Portugal,Branding Agency,11-50,2023-12-04
209,Holt-Torres,Germany,Design Studio,1-10,2025-05-23
210,"Wood, Tran and Cooper",United States,Marketing Agency,1-10,2024-12-10
211,"Pierce, Bell and Chavez",United Kingdom,Branding Agency,1-10,2026-05-19
212,King-Martinez,United States,Digital Agency,1-10,2025-06-28
213,Stewart Ltd,Germany,Digital Agency,1-10,2026-03-05
214,"Tapia, Vaughn and Lee",United Kingdom,PR Agency,1-10,2025-08-01
215,"Washington, Hardy and Bray",United Kingdom,Digital Agency,1-10,2026-04-06
216,"Carlson, Hooper and Wall",Portugal,Management Consulting,51+,2025-10-21
217,Perez-White,Germany,Management Consulting,1-10,2024-09-07
218,Erickson and Sons,Portugal,Branding Agency,1-10,2026-02-19
219,Williams-Brown,United States,Marketing Agency,11-50,2026-01-27
220,Terry-Martinez,United States,PR Agency,11-50,2025-05-25
221,Garcia-Smith,United States,Branding Agency,11-50,2026-06-27
222,Harrison-Alexander,United States,Digital Agency,11-50,2023-12-26
223,Sheppard LLC,United Kingdom,PR Agency,11-50,2026-06-25
224,Wilson-Jones,Germany,PR Agency,11-50,2026-06-04
225,Jones-Soto,United Kingdom,Branding Agency,1-10,2024-08-02
226,Hernandez PLC,Germany,Management Consulting,1-10,2025-05-11
227,Miller-Wright,United States,Digital Agency,1-10,2026-01-12
228,"Duran, Obrien and Gibbs",Portugal,Management Consulting,11-50,2026-01-27
229,Rowe Group,portugal,Dev Shop / Software Consulting,1-10,2025-05-11
230,Kerr-Evans,United Kingdom,Dev Shop / Software Consulting,1-10,2025-09-08
231,"Branch, Torres and Oliver",Germany,Dev Shop / Software Consulting,51+,2025-04-26
232,"Choi, Garcia and Farmer",United States,Management Consulting,1-10,2023-11-18
233,"Clark, Guerrero and Moore",United States,Management Consulting,11-50,2023-11-19
234,Arnold and Sons,United Kingdom,PR Agency,1-10,2024-10-08
235,Ortiz Ltd,United Kingdom,Management Consulting,51+,2024-08-20
236,"Harrison, Johnson and Roberts",United States,PR Agency,11-50,2024-09-10
237,Warner-Gibson,United States,Marketing Agency,1-10,2025-06-10
238,"Hall, Baker and Moody",United States,Digital Agency,1-10,2024-08-05
239,"Guerrero, Peck and Coleman",United States,PR Agency,51+,2024-08-18
240,"Walker, Hernandez and Baker",Germany,Branding Agency,1-10,2024-08-21
241,Jones and Sons,United Kingdom,Management Consulting,1-10,2024-06-02
242,Larson-Holloway,United States,Design Studio,1-10,2025-12-28
243,Gonzales-Harrison,Portugal,PR Agency,1-10,2025-02-12
244,Lyons-Bender,United States,Dev Shop / Software Consulting,51+,2024-05-27
245,"Fernandez, Kim and George",Germany,Digital Agency,11-50,2024-06-01
246,Navarro-Munoz,United States,Dev Shop / Software Consulting,51+,2025-12-19
247,Davis Ltd,Germany,Digital Agency,11-50,2025-12-07
248,"Matthews, Smith and Hubbard",United States,Dev Shop / Software Consulting,11-50,2024-09-20
249,Johnston-Hines,Portugal,Design Studio,1-10,2026-05-18
250,Ruiz Ltd,United States,Marketing Agency,11-50,2026-02-05
251,Moon-White,Germany,Management Consulting,1-10,2026-04-01
252,"Graham, Olsen and Costa",United States,Digital Agency,11-50,2024-11-04
253,Bailey-Cook,United Kingdom,Digital Agency,11-50,2025-04-19
254,"Garcia, Martin and Jenkins",United Kingdom,Marketing Agency,51+,2026-01-24
255,Roberts-Landry,Portugal,Branding Agency,11-50,2024-03-21
256,"Johnson, Miller and King",United States,Branding Agency,1-10,2024-10-14
257,Cordova Group,United Kingdom,Marketing Agency,51+,2025-10-03
258,"Bryan, Smith and Booth",United States,Digital Agency,1-10,2025-01-21
259,Gutierrez-Lopez,Germany,Digital Agency,1-10,2025-09-17
260,Dean-Jimenez,United Kingdom,Dev Shop / Software Consulting,1-10,2024-03-23
261,Wolf-Harris,Germany,Digital Agency,51+,2025-06-24
262,"Anderson, Roberts and Gilmore",UNITED KINGDOM,Branding Agency,51+,2025-05-11
263,Martinez-Dudley,United States,Management Consulting,11-50,2025-12-14
264,"Lloyd, Mckinney and Collins",United States,PR Agency,51+,2024-06-16
265,Tran Inc,Germany,Marketing Agency,1-10,2025-09-24
266,Gay Inc,Germany,Digital Agency,11-50,2024-10-18
267,Valentine-Holland,Germany,Dev Shop / Software Consulting,1-10,2025-03-22
268,Jimenez Ltd,United Kingdom,Marketing Agency,51+,2026-06-10
269,Hicks-Hill,United States,Design Studio,11-50,2025-09-05
270,Baird-Sanchez,United States,Dev Shop / Software Consulting,1-10,2025-07-18
271,"Thomas, Lee and Greene",Germany,Dev Shop / Software Consulting,11-50,2024-05-14
272,"Suarez, Shields and Hill",Portugal,Digital Agency,11-50,2026-04-22
273,Morgan-French,United States,Dev Shop / Software Consulting,51+,2024-07-23
274,Hoover-Campbell,United States,Management Consulting,11-50,2025-01-11
275,Monroe-Carpenter,United States,PR Agency,1-10,2024-11-13
276,"Burns, Hernandez and Ryan",Germany,Marketing Agency,51+,2025-07-24
277,Cook-Hines, United States ,Design Studio,1-10,2025-05-12
278,Gibson-Morris,United States,Digital Agency,51+,2023-12-03
279,Pollard and Sons,United States,Marketing Agency,11-50,2025-08-22
280,"Reyes, Chase and Jenkins",United Kingdom,Digital Agency,1-10,2023-09-15
281,Garner-Thornton,United States,,11-50,2025-01-14
282,Hughes-Alvarado,Germany,Digital Agency,11-50,2024-02-22
283,"Pollard, Simpson and Johnson",United States,Marketing Agency,51+,2025-09-01
284,"Sanford, Rivera and Garcia",Portugal,Dev Shop / Software Consulting,11-50,2024-06-09
285,Garcia-Lozano,united states,Branding Agency,1-10,2025-07-06
286,Bowen Group,United Kingdom,Digital Agency,1-10,2024-06-27
287,"Booker, Jones and Harrington",United States,PR Agency,1-10,2024-09-02
288,Morgan-Schwartz,United Kingdom,Management Consulting,1-10,2026-01-19
289,"Miller, Murphy and Craig",United Kingdom,Management Consulting,11-50,2024-09-04
290,"James, Stewart and Higgins",Portugal,Digital Agency,1-10,2026-01-15
291,Brennan-Johnson,Portugal,Dev Shop / Software Consulting,1-10,2024-10-04
292,Young Ltd,United Kingdom,Branding Agency,11-50,2026-03-28
293,Bright-Francis,United States,Design Studio,1-10,2026-05-03
294,Good-Hodges,United States,Dev Shop / Software Consulting,11-50,2024-11-12
295,"Brennan, Wallace and Benson",Portugal,Design Studio,11-50,2026-06-08
296,Williams Inc,United States,Design Studio,1-10,2024-03-25
297,Howard-Jordan,United States,PR Agency,51+,2025-07-16
298,Schmidt PLC,United Kingdom,PR Agency,11-50,2025-04-19
299,"Sparks, Jackson and Miller",Portugal,PR Agency,1-10,2026-01-11
300,Harvey-Allen,United States,Management Consulting,1-10,2024-08-26
301,"Thomas, Murray and King",United States,Management Consulting,11-50,2025-01-15
302,Estrada-Nolan,United States,Marketing Agency,11-50,2024-12-21
303,Santana-Byrd,Portugal,Digital Agency,11-50,2025-06-13
304,Jones LLC,United Kingdom,Marketing Agency,11-50,2025-06-15
305,"Evans, Hayden and Vaughn",United Kingdom,Digital Agency,1-10,2024-06-16
306,Bruce-Gonzalez,Portugal,Dev Shop / Software Consulting,1-10,2025-12-27
307,Castaneda-Rodriguez,Germany,Design Studio,11-50,2024-12-02
308,Armstrong-Andrews,United Kingdom,Digital Agency,1-10,2025-04-20
309,"Phillips, Spence and Barrett",United States,Branding Agency,1-10,2026-03-25
310,Smith-Grimes,United Kingdom,PR Agency,11-50,2026-06-11
311,"Beltran, Lozano and Mcgee",United States,Management Consulting,11-50,2024-07-09
312,Parsons-Hall,Germany,Dev Shop / Software Consulting,51+,2025-06-05
313,Robinson-Lee,Untd Kingdom,Management Consulting,1-10,2025-11-10
314,Byrd-Le,Germany,Digital Agency,1-10,2025-05-23
315,"Becker, Taylor and Davis",United States,Dev Shop / Software Consulting,1-10,2025-07-11
316,"Lucas, Parker and Alexander",Germany,PR Agency,11-50,2026-06-22
317,"Diaz, Anderson and Browning",United States,Digital Agency,11-50,2026-03-12
318,Burgess-Thompson,United States,Management Consulting,51+,2025-05-25
319,Buchanan LLC,United States,Marketing Agency,1-10,2025-01-10
320,"Shaw, Nelson and Martin",United States,,11-50,2025-01-24
321,Coffey-Phillips,United States,Dev Shop / Software Consulting,1-10,2025-05-20
322,Brock-Mcdonald,United States,Dev Shop / Software Consulting,1-10,2024-12-23
323,Taylor and Sons,Germany,Branding Agency,1-10,2025-08-02
324,"Ramsey, Whitney and Coffey",Germany,Branding Agency,1-10,2024-10-20
325,"Diaz, Gibbs and Smith",Germany,Digital Agency,1-10,2026-05-08
326,"Martinez, Richardson and Curry",Germany,Dev Shop / Software Consulting,1-10,2026-06-07
327,Richards-Carson,Portugal,Branding Agency,51+,2023-11-25
328,Rodriguez-Hall,United States,Design Studio,11-50,2024-07-27
329,Harvey PLC,United Kingdom,Marketing Agency,51+,2025-05-21
330,Herman-Walker,United States,PR Agency,51+,2025-10-28
331,Reid Group,United States,Design Studio,1-10,2026-04-09
332,"Turner, Ortiz and Taylor",United Kingdom,Marketing Agency,11-50,2024-08-08
333,Torres Group,Portugal,Branding Agency,51+,2025-09-02
334,Davis PLC,United States,Marketing Agency,1-10,2026-05-12
335,Price LLC,United States,PR Agency,1-10,2025-07-21
336,"Avery, Horton and Fernandez",United States,Dev Shop / Software Consulting,1-10,2025-10-16
337,"Newton, Moore and Perry",United States,Branding Agency,11-50,2026-02-20
338,Bass PLC,United States,Dev Shop / Software Consulting,1-10,2025-05-05
339,Crosby-Ramirez,Germany,Marketing Agency,11-50,2025-11-25
340,"Wood, Ramos and Sampson",United States,Branding Agency,1-10,2024-06-21
341,Garcia-Jennings,United Kingdom,Branding Agency,1-10,2024-06-20
342,"Winters, Newman and Brown",United Kingdom,PR Agency,11-50,2026-04-05
343,Lopez-Martinez,United States,Digital Agency,1-10,2024-08-14
344,Davis-Lewis,Germany,Management Consulting,11-50,2025-03-03
345,"Harper, Smith and Buchanan",United Kingdom,Digital Agency,11-50,2026-03-18
346,Zhang PLC,Portugal,Branding Agency,1-10,2024-12-12
347,Jones PLC,United States,Management Consulting,11-50,2026-05-08
348,Willis and Sons,United Kingdom,PR Agency,11-50,2025-06-25
349,Schroeder-Kramer,United States,Dev Shop / Software Consulting,11-50,2023-08-21
350,"Smith, Garrison and Thomas",Germany,PR Agency,1-10,2026-04-16
351,Fernandez and Sons,Germany,Dev Shop / Software Consulting,1-10,2026-04-15
352,Guerrero Inc,United States,Marketing Agency,11-50,2024-02-11
353,Smith and Sons,United Kingdom,Digital Agency,51+,2025-10-16
354,"Morris, Thompson and Williams",Germany,Management Consulting,1-10,2026-01-28
355,"Fisher, Wilson and Brown",Portugal,Marketing Agency,1-10,2025-03-26
356,Strickland-Palmer,Portugal,Branding Agency,11-50,2024-09-11
357,Hayes and Sons,United Kingdom,Dev Shop / Software Consulting,1-10,2025-08-17
358,"Williams, Logan and Camacho",United States,Branding Agency,1-10,2026-04-20
359,"Turner, Schneider and Johnson",United States,Marketing Agency,1-10,2025-01-03
360,Boone-Simmons,United States,PR Agency,1-10,2025-03-14
361,Henry Group,United Kingdom,PR Agency,1-10,2026-04-28
362,Lam LLC,United Kingdom,PR Agency,1-10,2026-05-26
363,"Hernandez, Martinez and Weber",United States,Management Consulting,11-50,2026-04-17
364,"Kelley, Nguyen and Vang",Germany,Design Studio,51+,2026-05-28
365,"Phillips, Wagner and Jordan",Germany,Marketing Agency,1-10,2024-01-08
366,"Wilson, Pena and Rich",United States,Digital Agency,1-10,2026-02-02
367,"Le, Lewis and Hayes",Germany,Management Consulting,51+,2026-06-15
368,Gutierrez Group,United Kingdom,Branding Agency,11-50,2025-02-11
369,Perry-Davis,United States,PR Agency,1-10,2024-11-06
370,Edwards-Scott,United States,Management Consulting,11-50,2025-09-25
371,Mcdaniel Group,United Kingdom,Management Consulting,51+,2026-01-23
372,Davis Inc,United Kingdom,Dev Shop / Software Consulting,1-10,2025-05-03
373,Reynolds Ltd,Portugal,Marketing Agency,1-10,2024-04-26
374,"Watson, Anderson and Brown",Germany,Management Consulting,1-10,2026-03-23
375,"Hoffman, Santiago and Jenkins",United Kingdom,Dev Shop / Software Consulting,51+,2025-03-06
376,"Pugh, Henderson and Moon",Portugal,Dev Shop / Software Consulting,11-50,2024-05-12
377,Schmitt PLC,United States,Design Studio,1-10,2025-05-08
378,Bell-Lane,United States,Management Consulting,11-50,2026-01-15
379,Moore Group,United Kingdom,Marketing Agency,11-50,2024-06-03
380,Boone LLC,Portugal,Digital Agency,11-50,2024-11-14
381,"Richardson, Farmer and Andrews",Germany,Management Consulting,1-10,2025-08-21
382,Bruce-Villegas,United Kingdom,Design Studio,11-50,2024-05-27
383,"Austin, Day and Johnson",United Kingdom,Design Studio,1-10,2025-07-14
384,"Gallegos, Adams and White",Portugal,Digital Agency,11-50,2025-06-05
385,"Farmer, Dorsey and Bell",United States,Design Studio,51+,2025-12-12
386,Kane PLC,United Kingdom,Marketing Agency,1-10,2024-09-09
387,"Morales, Thomas and Schultz",Portugal,PR Agency,1-10,2025-02-10
388,Davis PLC,United States,Digital Agency,11-50,2025-06-19
389,Bennett Group,Germany,Digital Agency,11-50,2025-10-11
390,Moore-Collins,United Kingdom,Marketing Agency,11-50,2026-01-03
391,Frank-Bradley,United Kingdom,PR Agency,11-50,2025-10-07
392,Ware and Sons,United Kingdom,Branding Agency,11-50,2024-09-21
393,Webster Inc,United Kingdom,Design Studio,1-10,2024-12-26
394,"Miller, Ramos and Coleman",United Kingdom,PR Agency,1-10,2025-11-02
395,"Ramos, Nelson and Fischer",United Kingdom,Management Consulting,1-10,2025-02-20
396,Reed Inc,Portugal,Dev Shop / Software Consulting,1-10,2025-05-12
397,Gregory-Watkins,United States,Digital Agency,1-10,2024-03-04
398,"Estrada, Williams and Foster",United Kingdom,Design Studio,1-10,2025-09-05
399,"Brown, Harris and Dougherty",United States,Digital Agency,1-10,2024-09-14
400,Duran LLC, Portugal ,Management Consulting,1-10,2025-11-19
401,Wilson-Jimenez,United States,Digital Agency,1-10,2025-05-15
402,Thompson-James,United States,Branding Agency,1-10,2026-05-17
403,"Hall, Hansen and Barnett",United States,Marketing Agency,11-50,2025-08-02
404,Jones-Hensley,United Kingdom,PR Agency,11-50,2025-07-16
405,Graham Group,United States,Design Studio,1-10,2025-05-09
406,Atkins PLC,Germany,Branding Agency,1-10,2025-11-02
407,Berry-Mckinney,United States,Marketing Agency,11-50,2026-05-13
408,Roberts-Sullivan,Germany,Digital Agency,1-10,2026-04-22
409,Jackson-Meza,United States,Management Consulting,1-10,2024-11-26
410,Collier-Gillespie,United Kingdom,Design Studio,1-10,2024-10-07
411,Kim Inc,United Kingdom,Marketing Agency,1-10,2026-04-05
412,Graham Group,Germany,,11-50,2026-06-20
413,"Miller, Harrell and Reese",United States,Management Consulting,51+,2026-02-06
414,Cook and Sons,United Kingdom,Digital Agency,11-50,2025-04-11
415,Dixon Inc,United Kingdom,Digital Agency,1-10,2026-05-10
416,"Hicks, Bullock and Bailey",United States,Marketing Agency,1-10,2026-06-14
417,"Mullen, Brewer and Hernandez",Germany,PR Agency,11-50,2025-09-21
418,Thomas and Sons,United Kingdom,Dev Shop / Software Consulting,51+,2024-07-25
419,Morrison Ltd,United States,Branding Agency,1-10,2024-06-06
420,Thompson Ltd,Germany,Branding Agency,11-50,2026-03-05
421,Marshall-Elliott,United States,PR Agency,11-50,2024-12-04
422,"Cole, Glass and Cunningham",United Kingdom,Branding Agency,1-10,2024-12-23
423,"Downs, Morris and Maddox",United Kingdom,Branding Agency,11-50,2025-10-28
424,Hernandez-Jones,Germany,Digital Agency,11-50,2026-01-07
425,Welch-Hogan,Portugal,Branding Agency,1-10,2024-12-11
426,"Brown, Romero and Collins",United Kingdom,Digital Agency,11-50,2024-05-12
427,Johnson-Wood,Portugal,Dev Shop / Software Consulting,11-50,2024-01-23
428,Jones-Lin,United Kingdom,Management Consulting,51+,2024-08-18
429,Gilbert PLC,Portugal,Dev Shop / Software Consulting,51+,2024-09-10
430,Ford-Spencer,Germany,Branding Agency,1-10,2023-12-12
431,"Huang, Cole and Pacheco",Portugal,Management Consulting,11-50,2026-06-04
432,"Lopez, Jacobs and Mason",United Kingdom,Branding Agency,51+,2025-04-27
433,Hayes LLC,Germany,Marketing Agency,1-10,2024-10-10
434,"Miller, Lucas and Williams",United States,PR Agency,51+,2025-06-09
435,"Kim, Gonzales and Mills",United States,Management Consulting,11-50,2023-07-18
436,Cox LLC,United States,Digital Agency,11-50,2025-04-08
437,Ortiz-Morgan,Germany,PR Agency,11-50,2024-04-08
438,"Williams, Mccoy and Cook",United Kingdom,Marketing Agency,11-50,2025-05-22
439,Davis-Gregory,United States,Design Studio,11-50,2026-02-14
440,King-York,Portugal,PR Agency,1-10,2025-06-07
441,"Marks, Cook and Aguilar",United States,Marketing Agency,1-10,2023-10-25
442,Rangel LLC,United Kingdom,PR Agency,11-50,2025-07-28
443,"Hale, Myers and Larson",Portugal,Dev Shop / Software Consulting,1-10,2024-12-06
444,Collins Group,United States,Dev Shop / Software Consulting,11-50,2026-03-16
445,"Conner, Li and Santiago",Germany,Management Consulting,51+,2023-10-02
446,"Osborn, Gaines and Davis",United Kingdom,Management Consulting,1-10,2025-11-10
447,"Henderson, Cox and Cox",United Kingdom,Design Studio,11-50,2025-12-28
448,Bean LLC,Untd States,Management Consulting,11-50,2024-04-06
449,Lee-Cooke,United Kingdom,Marketing Agency,11-50,2025-02-24
450,Jones Inc,United States,Design Studio,11-50,2024-07-06
451,"Wise, Conley and Stephenson",United Kingdom,Branding Agency,1-10,2025-09-17
452,Stanley PLC,United Kingdom,Design Studio,1-10,2024-05-16
453,Harper and Sons,United States,Design Studio,1-10,2023-07-15
454,White Ltd,Portugal,PR Agency,1-10,2025-02-19
455,"Lamb, Martin and Kim",Germany,Marketing Agency,11-50,2024-09-22
456,Diaz-Ball,United States,Digital Agency,1-10,2025-09-23
457,Bishop-Goodwin,Germany,Management Consulting,11-50,2024-06-12
458,Young-Allen,United States,Design Studio,1-10,2026-04-15
459,Mckee-Lee,United Kingdom,Digital Agency,1-10,2024-07-16
460,"Valentine, Joyce and Murray",Germany,Dev Shop / Software Consulting,11-50,2024-08-08
461,Strickland-Shaw,United Kingdom,Digital Agency,11-50,2023-08-15
462,Burch-Montoya,United States,Marketing Agency,51+,2025-07-02
463,"Taylor, Wright and Davidson",Portugal,Digital Agency,1-10,2024-06-05
464,Spencer-Garcia,Portugal,PR Agency,1-10,2025-06-07
465,"Rosales, Mitchell and Hines",United Kingdom,Branding Agency,51+,2025-12-26
466,Cole-Palmer,United States,Digital Agency,1-10,2025-11-02
467,Davis-Lozano,Germany,Marketing Agency,1-10,2024-04-13
468,Wilkerson-Arias,United States,Marketing Agency,1-10,2026-01-02
469,Brown-Shaw,Germany,Marketing Agency,11-50,2026-06-03
470,Hughes Inc,United Kingdom,Design Studio,1-10,2024-08-25
471,Walker-Flores,United Kingdom,Branding Agency,11-50,2025-09-12
472,Combs Ltd,United States,Branding Agency,51+,2024-10-13
473,Moody-Taylor,Portugal,Design Studio,51+,2025-02-21
474,Lowery-Kennedy,United States,Branding Agency,51+,2025-01-17
475,Blake Group,Portugal,Dev Shop / Software Consulting,11-50,2026-02-01
476,Gilbert-Bullock,United Kingdom,Branding Agency,11-50,2025-06-18
477,Scott and Sons,United States,Design Studio,1-10,2026-05-09
478,"Bentley, Lynch and Henderson",Portugal,Marketing Agency,11-50,2026-04-26
479,Young-Martinez,United Kingdom,Marketing Agency,51+,2025-10-08
480,Barnes PLC,United States,Digital Agency,1-10,2024-02-22
481,Brown-Copeland,United States,Branding Agency,11-50,2026-04-15
482,Carlson-Smith,United States,Marketing Agency,51+,2025-12-05
483,"Andrews, Higgins and Carter",United States,PR Agency,11-50,2026-06-19
484,Mendez and Sons,United Kingdom,Management Consulting,11-50,2025-01-08
485,"Butler, Beck and Miller",United States,Design Studio,11-50,2026-03-14
486,Jones-Fox,United States,PR Agency,51+,2025-12-06
487,"Hartman, Romero and Smith",United Kingdom,Management Consulting,1-10,2026-03-21
488,Williams-Hughes,Germany,Branding Agency,1-10,2025-12-14
489,King-Smith,United States,Branding Agency,11-50,2024-03-08
490,Cooper Ltd,United States,Dev Shop / Software Consulting,11-50,2023-12-15
491,"Fuller, Ingram and Moss",United Kingdom,Digital Agency,51+,2023-07-17
492,Anderson-Bell,United States,PR Agency,1-10,2023-11-03
493,Li-Thompson,Germany,PR Agency,1-10,2024-02-27
494,"Marshall, Dominguez and Welch",United States,Digital Agency,11-50,2025-05-02
495,Brown Group,United States,PR Agency,11-50,2025-08-22
496,Carter Inc,United Kingdom,Management Consulting,51+,2025-11-10
497,Blackwell LLC,United States,PR Agency,51+,2024-03-04
498,Robertson-Hays,Germany,PR Agency,51+,2025-10-20
499,"Kennedy, Johnson and Lucas",United States,Management Consulting,1-10,2026-03-25
500,Kelly-Norman,United Kingdom,Management Consulting,11-50,2023-12-09
501,"Rivera, Martinez and Richardson",Portugal,Dev Shop / Software Consulting,1-10,2026-04-24
502,Paul-Kline,Germany,Management Consulting,51+,2024-09-11
503,Morgan-Lopez,Untd Kingdom,Design Studio,1-10,2024-12-01
504,"Jimenez, Glass and Stone",Portugal,Branding Agency,11-50,2025-03-10
505,Acosta Inc,United States,Dev Shop / Software Consulting,1-10,2025-06-08
506,Morrison-Short,Germany,Management Consulting,11-50,2024-10-25
507,"Carter, Garcia and Murphy",Portugal,Branding Agency,11-50,2026-04-15
508,Parker-Morrison,Germany,PR Agency,1-10,2026-02-18
509,Jackson-Wallace,Portugal,PR Agency,11-50,2026-02-02
510,Williams-Berg,Germany,Dev Shop / Software Consulting,1-10,2024-03-22
511,Mendez-Graham,United States,PR Agency,1-10,2023-10-08
512,"Whitney, Gould and Jones",United States,Branding Agency,1-10,2026-06-12
513,"Sullivan, Palmer and Brady",United Kingdom,Branding Agency,51+,2025-02-22
514,Cisneros and Sons,United States,,11-50,2026-01-01
515,"Gregory, Kim and Martinez",United States,Marketing Agency,51+,2026-02-17
516,Osborne LLC,Germany,Design Studio,11-50,2025-08-04
517,Reyes-Bradley,United Kingdom,Digital Agency,1-10,2025-11-17
518,"Hernandez, Cole and Watson",United States,Marketing Agency,11-50,2024-07-12
519,Hines-Berry,United Kingdom,PR Agency,1-10,2025-08-08
520,"Richardson, Edwards and Ramirez",Germany,Dev Shop / Software Consulting,1-10,2025-02-21
521,Johnson and Sons,United States,Digital Agency,1-10,2023-12-16
522,Holmes-Mcintyre,United States,,1-10,2025-07-28
523,Green LLC,Germany,Dev Shop / Software Consulting,11-50,2025-02-04
524,"Griffin, Davies and Mitchell", Portugal ,Dev Shop / Software Consulting,1-10,2024-08-23
525,Gonzalez-Taylor,United Kingdom,Marketing Agency,1-10,2026-03-22
526,Hayes Ltd,Portugal,Marketing Agency,11-50,2026-06-06
527,Osborn-Cochran,United States,Digital Agency,51+,2023-12-05
528,Contreras-Mckinney,Germany,Marketing Agency,1-10,2024-04-10
529,"Daniels, Vance and York",United States,Branding Agency,11-50,2025-11-22
530,"Mckinney, Graves and Thompson",United States,Design Studio,11-50,2026-01-26
531,Hicks-Martinez, Germany ,Management Consulting,11-50,2023-09-02
532,Conner and Sons,United States,Digital Agency,1-10,2024-02-25
533,Johnson-Spencer,United Kingdom,Management Consulting,51+,2024-11-01
534,Mcdonald-Bird,Germany,Design Studio,1-10,2025-06-12
535,Salazar Inc,United States,Digital Agency,1-10,2024-10-22
536,Parker Ltd,Germany,Design Studio,1-10,2026-01-23
537,"Mendoza, Jenkins and Ortiz", United States ,Dev Shop / Software Consulting,1-10,2025-08-21
538,"Jones, Compton and Day",United States,Marketing Agency,1-10,2025-06-01
539,Owens-Holmes,United Kingdom,Marketing Agency,11-50,2026-01-05
540,Humphrey PLC,United Kingdom,Digital Agency,11-50,2025-09-14
541,"Matthews, Saunders and Anderson",United States,Digital Agency,11-50,2026-03-20
542,"Bartlett, Brown and Martinez",Portugal,Branding Agency,1-10,2024-11-13
543,Torres and Sons,Germany,Design Studio,11-50,2025-03-19
544,Donovan-Perez,Germany,Management Consulting,1-10,2024-09-10
545,"Jacobson, Singleton and King",United States,Management Consulting,1-10,2025-04-14
546,"Huber, Hill and Weber",Germany,Design Studio,1-10,2025-11-24
547,"Ferguson, Shaw and Jackson",United Kingdom,Marketing Agency,1-10,2025-08-05
548,"Moore, Hopkins and Le",Portugal,Digital Agency,1-10,2024-04-13
549,"Morgan, Bradshaw and Williams",United States,Dev Shop / Software Consulting,1-10,2026-01-27
550,Miller Ltd,Portugal,Management Consulting,1-10,2025-03-20
551,"Baker, Clark and Armstrong",United States,Branding Agency,1-10,2024-07-11
552,"Fowler, Jimenez and Burton",Germany,Digital Agency,1-10,2025-03-26
553,May-Turner,United States,Branding Agency,11-50,2024-05-12
554,Ballard Ltd,United Kingdom,Digital Agency,11-50,2024-05-06
555,Evans-Jones,United Kingdom,Branding Agency,51+,2024-12-23
556,Moore Group,Germany,Marketing Agency,11-50,2026-01-27
557,Marshall-Peterson,Germany,Design Studio,11-50,2025-08-21
558,Edwards Ltd,United States,Branding Agency,1-10,2024-04-26
559,Gross-Valencia, United Kingdom ,Digital Agency,11-50,2024-07-13
560,Anderson-Wood,Portugal,Branding Agency,51+,2026-02-18
561,"Rodriguez, Allen and Martinez",Portugal,Dev Shop / Software Consulting,11-50,2026-02-18
562,Wright-Davis,Portugal,Design Studio,1-10,2025-03-22
563,Dougherty-Lin,United States,Digital Agency,11-50,2025-06-21
564,Wright-Grimes,United States,Dev Shop / Software Consulting,11-50,2025-03-14
565,Li PLC,United States,PR Agency,1-10,2024-10-17
566,"Edwards, Hines and Jimenez",Germany,Management Consulting,1-10,2025-10-13
567,"Owens, Koch and Jimenez",Germany,Design Studio,11-50,2024-03-12
568,Landry PLC,United Kingdom,Marketing Agency,1-10,2026-04-04
569,Levy-Lewis,Germany,Management Consulting,1-10,2023-12-15
570,Williams-Campbell,United Kingdom,Marketing Agency,1-10,2025-10-15
571,"Khan, Pena and Ruiz",United Kingdom,Marketing Agency,1-10,2024-07-26
572,"Smith, Rodriguez and Anderson",United States,Marketing Agency,1-10,2025-01-22
573,Luna-Gallagher,Portugal,Digital Agency,11-50,2025-04-06
574,Williams-Williams,United States,Branding Agency,1-10,2025-09-08
575,"Lee, Tran and Jones",United Kingdom,PR Agency,1-10,2025-12-14
576,"Cole, Pierce and Bryan",Germany,Branding Agency,51+,2024-08-19
577,"Becker, Wilson and Hester",United States,Management Consulting,1-10,2025-10-25
578,Brooks-Hatfield,Germany,Dev Shop / Software Consulting,11-50,2026-01-28
579,"Mcmillan, Fischer and Gonzalez",United States,Marketing Agency,1-10,2024-09-09
580,"Morales, Williams and Williams",United Kingdom,Management Consulting,51+,2025-08-20
581,"Cook, Wells and Bryant",United States,Management Consulting,1-10,2026-06-28
582,"Barry, Taylor and Velazquez",United States,Dev Shop / Software Consulting,11-50,2024-12-10
583,Martin-Ewing,United Kingdom,Management Consulting,11-50,2024-12-04
584,"Kirby, Wheeler and Romero",United States,Design Studio,1-10,2023-10-17
585,"Patel, Erickson and Evans",United Kingdom,Branding Agency,11-50,2025-06-06
586,Richardson Ltd,United Kingdom,Design Studio,51+,2025-09-18
587,Whitney PLC,United States,Dev Shop / Software Consulting,1-10,2025-10-15
588,Robles-Swanson,Portugal,Branding Agency,51+,2026-03-05
589,"Soto, Carlson and Baker",United States,PR Agency,11-50,2025-04-16
590,"Patton, Parsons and Lane",United Kingdom,Branding Agency,11-50,2025-01-16
591,"Williams, Castillo and Warren",United Kingdom,Design Studio,11-50,2024-08-10
592,"Harvey, Randall and Hernandez",United States,Dev Shop / Software Consulting,1-10,2023-09-15
593,"Allen, Armstrong and Graves",Germany,Digital Agency,1-10,2026-01-04
594,Smith LLC,United States,Management Consulting,11-50,2024-06-18
595,Hernandez-Vaughn,United States,Digital Agency,11-50,2026-06-07
596,Shaw-Carr,United States,Dev Shop / Software Consulting,11-50,2026-04-08
597,Salas-Fitzgerald,Portugal,Management Consulting,1-10,2023-10-28
598,Thornton PLC,United Kingdom,Dev Shop / Software Consulting,51+,2025-07-26
599,Hoffman Ltd,Germany,Management Consulting,11-50,2026-04-28
600,Fox-Edwards,United Kingdom,Design Studio,1-10,2025-07-26
601,Stevens PLC,United States,Management Consulting,1-10,2025-12-18
602,Payne-Lowe,United Kingdom,PR Agency,1-10,2024-04-10
603,"Becker, Lara and Baker",United States,PR Agency,51+,2025-01-27
604,Lee-Wright,Portugal,Marketing Agency,11-50,2024-10-09
605,"Evans, David and Hendrix", United States ,Design Studio,51+,2025-11-05
606,Bush-Vaughn,Germany,PR Agency,11-50,2025-10-13
607,Stewart-Bailey,united kingdom,Branding Agency,1-10,2025-03-13
608,"Hill, Martinez and Rhodes",United Kingdom,Marketing Agency,51+,2026-05-13
609,Huang-Foster,United States,Management Consulting,51+,2025-10-15
610,Blevins-Ballard,United States,Dev Shop / Software Consulting,1-10,2024-11-28
611,Williams-Moses,Germany,PR Agency,1-10,2024-06-23
612,Reed Group,United States,Design Studio,11-50,2026-02-14
613,"Scott, Mendoza and Harris",United Kingdom,Management Consulting,1-10,2025-06-11
614,"Nelson, Hoffman and Nelson",United States,Dev Shop / Software Consulting,51+,2025-01-11
615,Gilbert PLC,Germany,PR Agency,1-10,2026-05-26
616,Sanchez Ltd,United States,Design Studio,51+,2025-12-15
617,"Perez, Hall and Garcia",Portugal,PR Agency,1-10,2025-11-05
618,Love-Garcia,United States,Management Consulting,51+,2023-08-03
619,Smith PLC,United States,PR Agency,1-10,2026-01-06
620,Russell Group,United Kingdom,Dev Shop / Software Consulting,11-50,2026-03-08
621,Santos-Avila,United States,Design Studio,1-10,2026-03-16
622,Morris-Brewer,United Kingdom,Branding Agency,11-50,2026-03-01
623,Pearson and Sons,United States,Dev Shop / Software Consulting,1-10,2024-07-14
624,"Rodgers, Jefferson and Johnson",United Kingdom,Marketing Agency,1-10,2026-04-24
625,Butler and Sons,United States,Management Consulting,1-10,2024-03-05
626,Osborn Group,Germany,PR Agency,51+,2025-10-22
627,Lopez-Curry,United Kingdom,,1-10,2025-01-06
628,Mcdowell-Smith,Germany,Design Studio,11-50,2026-04-14
629,"Morrison, Hebert and Rogers",United Kingdom,Marketing Agency,1-10,2024-11-05
630,Hays-Daniels,United Kingdom,Branding Agency,1-10,2025-09-11
631,Small-Anderson,United States,Design Studio,11-50,2025-08-18
632,"Mcdonald, Lee and Rodriguez",Germany,PR Agency,1-10,2025-10-01
633,Simon Ltd,Germany,Digital Agency,1-10,2024-04-20
634,Higgins-Smith,Germany,Marketing Agency,1-10,2026-03-26
635,Gibbs-Bradley,Portugal,Marketing Agency,1-10,2026-01-08
636,Thompson Ltd,United Kingdom,Marketing Agency,11-50,2025-10-12
637,Wilcox-Robertson,United States,,51+,2025-11-14
638,Morales Inc,Germany,Dev Shop / Software Consulting,11-50,2024-09-03
639,Holden Group,United States,Marketing Agency,1-10,2025-05-02
640,Boyle-Smith,United States,PR Agency,1-10,2024-11-17
641,Young-Molina,United Kingdom,PR Agency,1-10,2023-07-18
642,Turner-Sharp,United States,Marketing Agency,1-10,2025-09-17
643,Green LLC,Portugal,Management Consulting,1-10,2026-06-13
644,"Young, Contreras and Marshall",Germany,PR Agency,11-50,2026-05-03
645,Sullivan PLC,United Kingdom,Design Studio,51+,2024-02-02
646,"Carrillo, Vaughn and Fowler",Portugal,Digital Agency,1-10,2025-01-20
647,Richardson-Walker,Germany,Design Studio,11-50,2024-02-04
648,Mendoza Group,United States,Branding Agency,1-10,2024-10-12
649,"Zhang, Brooks and Miles",Germany,Design Studio,11-50,2025-09-12
650,Todd-Pham,Germany,Marketing Agency,1-10,2025-11-25
651,Gill Ltd,united states,Digital Agency,1-10,2025-10-03
652,"Marks, Miller and Griffin",Portugal,Branding Agency,11-50,2024-11-15
653,"Cox, Stark and Rodriguez",United States,Design Studio,51+,2026-01-12
654,"Leach, Harris and Herrera",Germany,PR Agency,51+,2025-02-24
655,Murphy PLC,Germany,Dev Shop / Software Consulting,1-10,2024-04-28
656,Wilson-Harris,United States,Design Studio,1-10,2024-08-06
657,"Burns, Nolan and Griffin",Portugal,PR Agency,11-50,2025-12-24
658,Chavez PLC,United States,PR Agency,1-10,2026-02-11
659,Bryant-Brown,United States,Digital Agency,1-10,2025-12-22
660,Chambers-Parker,United States,Marketing Agency,11-50,2024-02-13
661,Foster Inc,United Kingdom,,1-10,2025-10-10
662,"Robinson, Jones and Henderson",United Kingdom,Design Studio,1-10,2025-06-10
663,"Brown, Mcknight and Michael",United States,Branding Agency,11-50,2024-09-12
664,Andersen Group,United Kingdom,Design Studio,11-50,2025-01-24
665,Mitchell and Sons,Germany,Marketing Agency,1-10,2024-03-14
666,Cannon Ltd,United Kingdom,PR Agency,11-50,2026-04-01
667,"Stuart, Brooks and Vance",United States,Dev Shop / Software Consulting,11-50,2026-01-24
668,Kane-Knox,United States,Design Studio,11-50,2024-11-14
669,Miller-Brandt,United States,PR Agency,51+,2025-07-09
670,"Anderson, Dalton and Wilson",Portugal,Digital Agency,51+,2024-05-14
671,"Long, Anderson and Irwin",United States,Marketing Agency,51+,2024-11-19
672,Avila LLC,United States,Marketing Agency,11-50,2026-02-19
673,Nunez-Stephens,United Kingdom,Design Studio,51+,2025-09-10
674,"Gray, Hall and Murray",United States,PR Agency,11-50,2023-08-27
675,Hill Ltd,United States,Marketing Agency,1-10,2024-09-07
676,Johnson Ltd,Germany,Marketing Agency,1-10,2025-01-06
677,Mendez-Mayer,United States,Management Consulting,1-10,2024-06-25
678,Allen Inc,United States,Marketing Agency,1-10,2025-01-03
679,Wheeler Group,Germany,,11-50,2026-05-20
680,"Powers, Brennan and Sanchez",Germany,Marketing Agency,1-10,2026-05-23
681,Morales and Sons,United States,PR Agency,11-50,2024-01-10
682,"Robinson, Shields and Brown",Portugal,Branding Agency,1-10,2024-04-28
683,"Holder, Young and Hendricks",Germany,Branding Agency,1-10,2025-08-04
684,"Flores, Harper and Chambers",United States,Dev Shop / Software Consulting,1-10,2025-01-25
685,Young-Walter,United States,Management Consulting,11-50,2026-03-22
686,"Boyd, Gutierrez and Hill",United Kingdom,Management Consulting,11-50,2024-04-27
687,"Fry, Hobbs and Buck",Portugal,PR Agency,1-10,2026-03-15
688,"Shelton, Peters and Williams",United States,Dev Shop / Software Consulting,11-50,2026-04-11
689,David-Powers,Portugal,Digital Agency,1-10,2025-10-14
690,"Flores, Butler and Hernandez",United States,PR Agency,1-10,2025-01-14
691,White-Medina,United States,Management Consulting,1-10,2026-03-15
692,Atkinson LLC,United States,Design Studio,11-50,2024-10-21
693,"Thomas, Ford and Brown",united kingdom,Marketing Agency,11-50,2026-03-03
694,Faulkner-Grant,United States,Dev Shop / Software Consulting,1-10,2024-09-17
695,Price LLC,Portugal,Marketing Agency,11-50,2025-02-13
696,Rivera Inc,UNITED STATES,Branding Agency,11-50,2026-06-12
697,Boone-Davis,United Kingdom,Design Studio,1-10,2024-11-01
698,"Calderon, Williams and Bennett",United States,Dev Shop / Software Consulting,51+,2026-04-09
699,"Morrison, Russo and Lopez",Portugal,Dev Shop / Software Consulting,11-50,2026-05-19
700,"Ramsey, Hansen and Mendoza",Portugal,PR Agency,1-10,2025-10-08
701,Turner-Stout,Germany,Marketing Agency,51+,2023-07-25
702,Giles Ltd,United States,Dev Shop / Software Consulting,11-50,2025-02-13
703,Burgess Group,Germany,Design Studio,11-50,2025-10-08
704,Dominguez Ltd,Germany,Digital Agency,11-50,2024-07-01
705,Sanders and Sons,United States,Design Studio,11-50,2024-09-19
706,"Morris, Campbell and Owens",Germany,Branding Agency,11-50,2024-09-18
707,"Howard, Green and Hunt",United Kingdom,Design Studio,1-10,2024-11-20
708,Owens-Lang,United Kingdom,Digital Agency,1-10,2026-03-07
709,"Harrison, Franco and Rocha",United States,Dev Shop / Software Consulting,1-10,2026-04-28
710,Edwards-Williams,United States,PR Agency,1-10,2026-04-05
711,Figueroa Inc,Germany,Marketing Agency,51+,2024-04-12
712,Tran-Silva,Germany,Management Consulting,11-50,2025-09-10
713,"Butler, Hernandez and Rivera",Portugal,Branding Agency,11-50,2025-10-26
714,Hudson-Sanchez,United Kingdom,PR Agency,1-10,2026-06-18
715,"Pena, Cohen and Scott",Portugal,Design Studio,11-50,2024-03-22
716,Levy-May,United States,PR Agency,1-10,2025-11-10
717,Murray-Oconnor,Germany,Digital Agency,51+,2024-09-13
718,Jackson-Cortez,Germany,Design Studio,11-50,2024-07-20
719,White-Preston,Germany,PR Agency,11-50,2024-06-19
720,"Bernard, Warren and Combs",United Kingdom,Marketing Agency,1-10,2026-03-08
721,Landry Ltd,United States,Marketing Agency,11-50,2025-01-27
722,Duran Group,United Kingdom,Branding Agency,51+,2023-12-01
723,Kirby and Sons,United States,Management Consulting,1-10,2024-02-26
724,Mann Inc,United States,PR Agency,1-10,2024-06-14
725,Wagner LLC,Portugal,Branding Agency,1-10,2023-10-12
726,Williamson Ltd,United States,Dev Shop / Software Consulting,1-10,2025-02-19
727,"Durham, Hopkins and Smith",Germany,Marketing Agency,1-10,2026-02-26
728,"Arnold, Smith and Moreno",United States,Marketing Agency,1-10,2024-04-03
729,Nichols-Mitchell,Portugal,Marketing Agency,1-10,2025-05-18
730,"Li, Craig and Drake",Portugal,Digital Agency,1-10,2025-08-16
731,Rodriguez Inc,United Kingdom,Digital Agency,11-50,2025-04-14
732,"Hernandez, Lee and Fox",United States,Design Studio,1-10,2025-05-14
733,Adams-Sanders,Germany,Management Consulting,11-50,2026-02-22
734,Chung-Stevens,United States,Digital Agency,1-10,2023-07-18
735,Branch and Sons,United States,Branding Agency,1-10,2024-09-03
736,Sutton-Abbott,Germany,Design Studio,11-50,2025-02-04
737,"Frey, Santos and Johnson",United States,Marketing Agency,1-10,2024-10-16
738,Gray-Tran,United States,,1-10,2026-04-22
739,Walsh Ltd,United Kingdom,Management Consulting,1-10,2026-01-13
740,Miller Group,United Kingdom,Branding Agency,1-10,2025-11-09
741,"Mueller, Knight and Hodge",United States,,1-10,2026-04-23
742,Jacobson Inc,United States,Digital Agency,1-10,2026-01-14
743,Lewis Ltd,United Kingdom,Dev Shop / Software Consulting,11-50,2023-07-13
744,"Alvarez, Williams and Jones",United Kingdom,Dev Shop / Software Consulting,11-50,2026-04-16
745,Lam-Elliott,United States,Branding Agency,1-10,2025-04-28
746,White LLC,United Kingdom,Dev Shop / Software Consulting,51+,2024-02-19
747,Ali PLC,United Kingdom,Dev Shop / Software Consulting,1-10,2025-11-15
748,Goodwin Ltd,Portugal,Dev Shop / Software Consulting,51+,2025-03-07
749,Hickman-Evans,United Kingdom,Branding Agency,51+,2025-12-07
750,"Allen, Davenport and Price",United Kingdom,Management Consulting,11-50,2024-04-11
751,"Rivera, Campos and Taylor",Portugal,Branding Agency,1-10,2025-07-18
752,"Ramsey, Mason and Mccann",United States,Branding Agency,1-10,2024-12-28
753,Davis and Sons,Germany,Dev Shop / Software Consulting,11-50,2025-09-14
754,Peterson PLC,United States,Digital Agency,11-50,2025-05-25
755,"Sanders, Ayala and Johnson",United States,Dev Shop / Software Consulting,1-10,2026-06-04
756,Bowers-Hayes,Portugal,Branding Agency,51+,2026-06-09
757,Kelly Group,United Kingdom,Marketing Agency,11-50,2026-06-06
758,Lopez-Willis,United States,PR Agency,11-50,2024-08-13
759,Miller-Montgomery,Portugal,Design Studio,1-10,2025-10-02
760,Marquez Inc,Portugal,Marketing Agency,51+,2024-10-11
761,Moore-Dawson, United States ,Branding Agency,1-10,2025-06-28
762,"Moore, Price and Ward",United States,,51+,2023-07-10
763,Smith LLC,United Kingdom,Management Consulting,11-50,2024-09-24
764,Ward-Nelson,United Kingdom,Design Studio,1-10,2024-08-27
765,Miller Group,United Kingdom,Management Consulting,11-50,2025-11-27
766,Hawkins-Hunt,Germany,PR Agency,1-10,2023-11-17
767,Johnson LLC,Germany,Digital Agency,11-50,2026-05-01
768,"Davis, George and Nguyen",Portugal,Marketing Agency,1-10,2026-03-08
769,Smith-Gutierrez,United States,Design Studio,1-10,2023-10-09
770,Hardy PLC,United Kingdom,Marketing Agency,1-10,2025-06-22
771,Armstrong and Sons,United States,Design Studio,11-50,2024-11-28
772,"James, Taylor and Turner",United Kingdom,Dev Shop / Software Consulting,1-10,2024-01-09
773,Thomas-Jackson,Germany,Branding Agency,1-10,2026-05-02
774,Fisher-Washington,United Kingdom,Dev Shop / Software Consulting,51+,2025-07-08
775,Ward and Sons,Germany,Branding Agency,1-10,2025-12-17
776,"Weber, Wheeler and Gonzalez",Germany,Marketing Agency,11-50,2026-04-16
777,Taylor Inc,United Kingdom,Marketing Agency,11-50,2024-04-08
778,Cook-Oliver,Germany,PR Agency,1-10,2025-03-21
779,Alexander-Jordan,Portugal,Branding Agency,51+,2023-08-09
780,"Mccann, Taylor and Flores",United States,Digital Agency,11-50,2025-07-13
781,"Harris, Edwards and Oconnell",United States,Dev Shop / Software Consulting,51+,2025-08-27
782,Carter-Neal,United Kingdom,Management Consulting,11-50,2025-11-22
783,Faulkner-Casey,United States,PR Agency,51+,2026-02-11
784,Bennett-Velasquez,United States,PR Agency,11-50,2026-04-10
785,Diaz-Frederick,United Kingdom,Marketing Agency,1-10,2026-01-26
786,Vargas PLC,Germany,Management Consulting,1-10,2024-08-22
787,Maldonado PLC,United States,Management Consulting,1-10,2025-04-09
788,Benton Group,United Kingdom,Digital Agency,11-50,2024-05-23
789,"Clark, Salinas and Guerra",Germany,PR Agency,1-10,2025-11-08
790,Fuentes Group,United Kingdom,PR Agency,1-10,2025-03-12
791,"Porter, Schultz and Allen",Germany,Digital Agency,11-50,2024-11-06
792,"Moore, Henderson and Bennett",United Kingdom,PR Agency,11-50,2024-02-26
793,Ewing-Mendoza,Portugal,Management Consulting,51+,2024-02-21
794,Ferguson-Mclean,United States,Management Consulting,11-50,2026-06-14
795,"Barnes, Johnson and Schmitt",United States,Management Consulting,1-10,2025-11-15
796,"Woodard, Herrera and Little",United Kingdom,Digital Agency,51+,2025-07-19
797,Rodriguez and Sons,United States,Digital Agency,51+,2024-05-04
798,"Ortega, Jackson and Salazar",United States,Marketing Agency,1-10,2025-09-28
799,"Terrell, Byrd and Ross",United States,Branding Agency,1-10,2026-03-19
800,Sheppard-Jordan,Portugal,Dev Shop / Software Consulting,1-10,2023-12-23
801,Garcia and Sons,United States,Design Studio,1-10,2025-08-11
802,"Burgess, Grant and Watts",United States,Dev Shop / Software Consulting,1-10,2026-02-25
803,Griffin Group,Germany,Dev Shop / Software Consulting,1-10,2023-11-25
804,Barton-Chapman,United Kingdom,Branding Agency,11-50,2024-04-14
805,"Hernandez, Cuevas and Webb",United States,Design Studio,1-10,2025-04-24
806,Perry-Nixon,United States,Dev Shop / Software Consulting,1-10,2024-02-17
807,Guerra Ltd,Germany,Design Studio,11-50,2025-05-08
808,Bailey LLC,United States,Branding Agency,1-10,2024-06-17
809,Mueller-Boyd,United States,Management Consulting,11-50,2024-02-10
810,Alvarez-Kim,United Kingdom,Branding Agency,11-50,2026-01-22
811,"Chavez, Jones and Williams",United States,Management Consulting,51+,2025-03-25
812,"Wilson, Sweeney and Wong",Portugal,,51+,2025-08-01
813,"Marsh, Spears and Yang",Germany,PR Agency,1-10,2024-09-01
814,"Thompson, Moore and Castro",United States,PR Agency,1-10,2025-06-26
815,Hall-Sullivan,Portugal,Digital Agency,1-10,2025-08-20
816,Lopez Ltd,Portugal,PR Agency,11-50,2025-09-27
817,Foster-Mclaughlin,Germany,Branding Agency,1-10,2026-04-04
818,Cole Group,United Kingdom,PR Agency,1-10,2024-01-22
819,Smith-Lewis,United States,PR Agency,11-50,2025-07-17
820,Goodwin-Stokes,United Kingdom,Dev Shop / Software Consulting,1-10,2026-05-04
821,Ray PLC,United Kingdom,Dev Shop / Software Consulting,1-10,2024-09-04
822,Diaz and Sons,United Kingdom,Dev Shop / Software Consulting,11-50,2024-01-17
823,Wilson-Lambert,United States,Design Studio,1-10,2026-03-02
824,Rose-Fowler,Portugal,Branding Agency,11-50,2026-04-11
825,"Price, Long and Wilson",United States,Marketing Agency,1-10,2025-07-27
826,Bruce-Williamson,United Kingdom,Dev Shop / Software Consulting,51+,2025-04-17
827,"Mccarthy, Evans and Mendez",Germany,PR Agency,51+,2025-08-08
828,Powers LLC,Portugal,Marketing Agency,1-10,2024-02-04
829,Allen Inc,Portugal,Management Consulting,51+,2025-03-26
830,Brooks and Sons,United Kingdom,Dev Shop / Software Consulting,1-10,2025-09-25
831,"Price, Carlson and Andrews",United States,PR Agency,1-10,2024-12-06
832,Lopez-Reid,Portugal,Management Consulting,51+,2025-05-24
833,"Ellison, Arias and Thompson",Germany,Branding Agency,1-10,2024-02-13
834,Burns and Sons,United States,Dev Shop / Software Consulting,1-10,2024-07-16
835,Edwards Group,United Kingdom,Marketing Agency,11-50,2026-05-05
836,"Brown, Howard and Smith",United States,Design Studio,51+,2024-07-04
837,Lee Group,United Kingdom,PR Agency,11-50,2025-08-15
838,"Wagner, Simpson and Cohen",United States,Marketing Agency,1-10,2025-04-28
839,Mckinney-Wallace,Germany,Design Studio,51+,2025-11-16
840,Miller Inc,United States,Marketing Agency,1-10,2023-10-03
841,Carter LLC,United States,PR Agency,11-50,2026-06-17
842,Medina and Sons,United Kingdom,PR Agency,11-50,2026-03-28
843,Cunningham-Barton,United Kingdom,Marketing Agency,11-50,2025-02-14
844,Dunn-Wilson,United States,PR Agency,1-10,2025-10-21
845,Adams PLC,Germany,Digital Agency,11-50,2025-09-02
846,Weaver-Sherman,Portugal,Branding Agency,11-50,2025-07-28
847,"Alexander, Robinson and Coleman",United States,Management Consulting,11-50,2026-06-08
848,"Greer, Potter and Evans",United States,Digital Agency,11-50,2026-05-21
849,Cole LLC,Germany,Branding Agency,1-10,2026-01-26
850,Gonzales Inc,United States,Management Consulting,1-10,2024-09-04
851,Clark Ltd,germany,Branding Agency,1-10,2025-08-14
852,"Norris, Callahan and Bishop",United Kingdom,Dev Shop / Software Consulting,11-50,2023-11-20
853,Martin-Taylor,United Kingdom,Digital Agency,51+,2025-08-07
854,Li Inc,United Kingdom,Dev Shop / Software Consulting,1-10,2026-01-02
855,"Bell, Campbell and Ryan",Germany,Dev Shop / Software Consulting,1-10,2025-04-20
856,Werner-Carter,Germany,Branding Agency,1-10,2024-03-04
857,"Adams, Hodge and Duke",Germany,Management Consulting,1-10,2025-08-27
858,"Ochoa, Taylor and Brady",GERMANY,Management Consulting,11-50,2025-06-23
859,Sellers-Riddle, Portugal ,Dev Shop / Software Consulting,1-10,2024-04-23
860,"Martinez, Cline and Wright",United Kingdom,,1-10,2024-03-07
861,"Morris, Wright and Bridges",Portugal,Dev Shop / Software Consulting,1-10,2024-07-26
862,Burns-Ray,United States,Marketing Agency,11-50,2024-10-21
863,Burton-Brooks,United Kingdom,Branding Agency,11-50,2025-02-15
864,Schultz Inc,Portugal,Branding Agency,1-10,2025-03-01
865,Robertson-Ramirez,United States,Dev Shop / Software Consulting,51+,2026-01-19
866,Gibson-Freeman,United Kingdom,Design Studio,51+,2024-06-23
867,"Smith, Schroeder and Oconnor",Germany,Branding Agency,1-10,2024-06-22
868,"Stanton, Reid and Terry",Portugal,Branding Agency,11-50,2023-10-14
869,Flynn Group,Portugal,Management Consulting,11-50,2025-07-13
870,Donaldson and Sons,Portugal,Design Studio,1-10,2025-07-05
871,Adams-Clayton,Germany,Management Consulting,11-50,2024-12-27
872,Kelley-Anderson,Portugal,Digital Agency,11-50,2026-04-21
873,Kramer-Shannon,United States,PR Agency,11-50,2024-02-12
874,Williams Ltd,United States,Design Studio,11-50,2025-08-17
875,Smith-Noble,Untd Kingdom,Dev Shop / Software Consulting,11-50,2026-04-12
876,Alexander Inc,United Kingdom,PR Agency,51+,2026-01-14
877,Harris-Barker,Portugal,Dev Shop / Software Consulting,11-50,2026-06-14
878,Khan LLC,United Kingdom,Design Studio,1-10,2024-11-02
879,Baxter LLC,United States,Design Studio,11-50,2025-04-10
880,Pena LLC,United States,Dev Shop / Software Consulting,1-10,2023-12-10
881,Watson Ltd,United Kingdom,Branding Agency,1-10,2024-08-04
882,Williams Ltd,Germany,Design Studio,11-50,2026-05-24
883,Barber-Fischer,United States,Dev Shop / Software Consulting,11-50,2025-02-26
884,Rios-Padilla,Germany,,1-10,2024-08-13
885,Lewis Inc,GERMANY,Digital Agency,11-50,2025-03-02
886,Wheeler PLC,United States,Dev Shop / Software Consulting,11-50,2024-12-28
887,"Wallace, Smith and Cooper",Germany,PR Agency,51+,2024-11-23
888,Mcneil Group,Germany,Digital Agency,11-50,2025-03-07
889,"Anderson, Jones and Reyes",Portugal,Design Studio,1-10,2024-09-22
890,"Shaffer, Garcia and Richardson",Portugal,Marketing Agency,11-50,2025-10-13
891,Taylor-Ayala,United States,Design Studio,1-10,2024-05-19
892,May Ltd,United States,Design Studio,1-10,2025-12-02
893,Jones PLC,United States,PR Agency,1-10,2024-01-20
894,Bishop and Sons,United States,Digital Agency,11-50,2023-12-12
895,Bell-Lewis,Germany,Design Studio,11-50,2024-09-17
896,"Hernandez, Jenkins and Parks",United Kingdom,Digital Agency,1-10,2025-11-13
897,Miller Inc,United States,Management Consulting,1-10,2023-11-11
898,Goodwin PLC,United States,Digital Agency,11-50,2025-05-16
899,"Cruz, Richmond and Edwards",Germany,Marketing Agency,51+,2025-12-04
900,Wright Ltd,United Kingdom,,51+,2026-06-20
901,Wright PLC,United States,Branding Agency,51+,2024-06-26
902,"Griffith, Mitchell and Pugh",United States,Management Consulting,11-50,2024-05-01
903,Abbott Ltd,Germany,Dev Shop / Software Consulting,1-10,2023-09-17
904,Harris-Lawson,United States,Design Studio,51+,2024-05-11
905,Adkins LLC,Portugal,Dev Shop / Software Consulting,1-10,2026-03-18
906,"Brown, Hurst and Blevins",United Kingdom,PR Agency,1-10,2025-02-25
907,Cruz-Allen,Germany,Design Studio,11-50,2026-04-18
908,"Wheeler, Rice and Levine",Portugal,Branding Agency,11-50,2025-05-21
909,Peck-Anderson,United States,Marketing Agency,11-50,2025-10-15
910,"Fisher, Payne and Thompson",United States,Design Studio,1-10,2025-06-26
911,Best-Townsend,United States,Management Consulting,11-50,2024-07-14
912,Matthews Inc,United Kingdom,Marketing Agency,1-10,2024-08-13
913,Lewis-Livingston,United Kingdom,Digital Agency,11-50,2025-07-03
914,Hunter-Fuller,United Kingdom,Marketing Agency,11-50,2025-01-12
915,"Wang, Henderson and Morales",United States,Management Consulting,11-50,2024-04-20
916,"Herrera, Jensen and Ramirez",Germany,Branding Agency,1-10,2025-12-27
917,Miller-Mccall,United Kingdom,Design Studio,11-50,2024-11-24
918,Herrera Group,Germany,PR Agency,11-50,2025-08-05
919,"Walters, Davenport and Becker",Portugal,Dev Shop / Software Consulting,51+,2024-02-24
920,Collins Group,Portugal,Dev Shop / Software Consulting,1-10,2024-08-18
921,"Ashley, Allen and Sanchez",United States,Branding Agency,11-50,2026-05-18
922,Wilson-Salazar,United States,PR Agency,1-10,2026-04-24
923,Parker Ltd,United Kingdom,Digital Agency,11-50,2023-11-05
924,"Yang, Wilson and Zimmerman",United States,Design Studio,11-50,2025-09-04
925,"Smith, Crawford and Reed",germany,Dev Shop / Software Consulting,51+,2025-08-25
926,"Logan, Le and Jackson",portugal,Digital Agency,1-10,2024-03-03
927,Brady LLC,United States,PR Agency,1-10,2025-09-19
928,"Tanner, Wise and Johnson",United States,PR Agency,1-10,2025-10-08
929,Nelson-Brown,United Kingdom,Management Consulting,51+,2025-04-16
930,"Proctor, Burton and Crawford",United Kingdom,Digital Agency,1-10,2025-03-05
931,"Ward, Porter and Bradley",United States,Branding Agency,1-10,2024-08-06
932,Moore-Ayala,United States,PR Agency,1-10,2024-06-21
933,"Craig, Wilson and Yang",Germany,PR Agency,1-10,2024-09-11
934,Williams Inc,United Kingdom,Management Consulting,1-10,2025-11-16
935,Williams LLC,United States,Dev Shop / Software Consulting,11-50,2024-05-09
936,Mora-White,United States,Management Consulting,11-50,2026-06-24
937,Tran Ltd, United States ,Marketing Agency,1-10,2025-09-28
938,"Rios, Walker and Wright",United States,Branding Agency,11-50,2025-11-25
939,"Flores, Mckenzie and Duncan",Portugal,,11-50,2025-02-18
940,Shaw Inc,Germany,Design Studio,1-10,2024-09-25
941,Walker PLC,Portugal,Digital Agency,1-10,2025-08-17
942,Finley Inc,United States,Design Studio,1-10,2025-07-28
943,Cline-Ayala,Portugal,Dev Shop / Software Consulting,11-50,2024-04-17
944,Murphy-Tran,United States,Digital Agency,11-50,2026-05-22
945,Wood LLC,United States,Management Consulting,11-50,2026-02-02
946,"Mueller, Stevenson and Sanchez",United Kingdom,Management Consulting,1-10,2025-02-08
947,Vargas-Snyder,United States,Management Consulting,51+,2025-03-13
948,Oconnor PLC,United Kingdom,PR Agency,1-10,2025-09-11
949,Hernandez Group,Portugal,Management Consulting,11-50,2026-02-27
950,Hall LLC,United Kingdom,Branding Agency,11-50,2025-12-21
951,"Franco, Wiley and Tapia",United Kingdom,Marketing Agency,51+,2025-05-17
952,Blake Group,Portugal,Branding Agency,1-10,2024-05-12
953,"Acosta, Garcia and Moreno",United States,Digital Agency,11-50,2025-05-01
954,Barnes Inc,United States,Marketing Agency,1-10,2025-01-17
955,Dawson Inc,United States,Management Consulting,1-10,2024-05-20
956,Morse PLC,United States,Dev Shop / Software Consulting,1-10,2025-07-11
957,Haynes-Watson,United Kingdom,Design Studio,1-10,2025-04-19
958,"Miller, Davis and Anderson",Germany,Marketing Agency,1-10,2025-09-05
959,Jones-Bradley,United States,Marketing Agency,11-50,2025-08-19
960,Bates-Anderson,United States,Digital Agency,51+,2023-10-13
961,Green-Edwards,United Kingdom,PR Agency,1-10,2026-04-24
962,Haynes-Moss,United States,Branding Agency,1-10,2024-03-20
963,Chavez-Hall,Portugal,Dev Shop / Software Consulting,1-10,2024-07-14
964,Taylor PLC,Germany,Design Studio,11-50,2025-12-20
965,Moore and Sons,United States,Management Consulting,11-50,2026-06-15
966,Owens-Russell,United States,Design Studio,1-10,2026-04-04
967,"Howard, Townsend and Hayes",United Kingdom,PR Agency,51+,2025-11-14
968,Baker-Wilson,United Kingdom,Digital Agency,1-10,2024-01-20
969,Aguirre LLC,Germany,Marketing Agency,11-50,2023-07-03
970,"Terry, Williams and Huff",United States,Dev Shop / Software Consulting,11-50,2023-08-01
971,Hernandez-Dawson,Germany,Digital Agency,11-50,2026-05-14
972,Foster-Williams,United States,Design Studio,11-50,2024-04-26
973,Green-Ewing,Germany,Dev Shop / Software Consulting,1-10,2025-05-24
974,Crane Group,Germany,,11-50,2025-06-05
975,"Adkins, Wright and Murray",Germany,Marketing Agency,51+,2025-07-10
976,Martinez Inc,United Kingdom,Marketing Agency,1-10,2026-05-23
977,Anderson Group,United States,Digital Agency,11-50,2024-09-01
978,Parks-Pace,United States,Branding Agency,11-50,2024-04-12
979,Aguilar LLC,United Kingdom,Management Consulting,11-50,2025-02-28
980,Johnson Inc,United Kingdom,PR Agency,11-50,2025-09-13
981,Orr Group,United Kingdom,Branding Agency,11-50,2024-07-06
982,Davis LLC,United Kingdom,Management Consulting,1-10,2026-01-19
983,Williams Group,Germany,Dev Shop / Software Consulting,11-50,2026-05-28
984,Jackson PLC,Germany,PR Agency,1-10,2025-05-06
985,Underwood-Foster,United Kingdom,Dev Shop / Software Consulting,11-50,2025-07-18
986,Reyes Group,Germany,Branding Agency,1-10,2024-03-21
987,Gomez and Sons, United States ,Digital Agency,1-10,2024-11-14
988,Ramirez-Stephenson,United States,Digital Agency,1-10,2025-08-02
989,Mendez PLC,Portugal,PR Agency,1-10,2026-05-17
990,Holland Group,Portugal,Dev Shop / Software Consulting,1-10,2024-12-27
991,Andrade-Mendoza,United Kingdom,Dev Shop / Software Consulting,1-10,2026-01-22
992,Ramirez and Sons,United Kingdom,Dev Shop / Software Consulting,1-10,2026-04-20
993,Gonzalez-Wilkerson,Germany,PR Agency,11-50,2025-04-02
994,"Wright, Mcknight and Stephens",Germany,Marketing Agency,51+,2025-04-09
995,Mayo Ltd,United States,Digital Agency,1-10,2023-07-07
996,Castillo-Harrington,Germany,Marketing Agency,1-10,2024-08-18
997,Durham-Shaw,Germany,Management Consulting,51+,2025-06-12
998,Nelson-Johnson,United States,Design Studio,11-50,2024-12-15
999,"Robinson, Huang and Osborne",United Kingdom,Branding Agency,1-10,2026-02-17
1000,Stokes Group,United States,Marketing Agency,1-10,2023-12-26
